dateUtc,date,instrumentName,transactionType,note,reference,dealId,dealReference,size,currency,status,pnl,profitAndLoss,realizedPnl,cash
2026-09-30T10:03:42.390,2026-09-30T14:03:42.390,GOLD,TRADE,Trade closed,140318985135758,00000000-66d9-e2f4-0493-972c0004511e,,6.52,AED,PROCESSED,,,,
2026-09-30T09:53:43.910,2026-09-30T13:53:43.910,SILVER,TRADE,Trade closed,140318357035928,00000000-66d9-ac4f-0493-972c0004511e,,-3.47,AED,PROCESSED,,,,
2026-09-30T09:53:43.910,2026-09-30T13:53:43.910,SILVER,TRADE,Trade closed,140318357035929,00000000-66d9-b809-0493-972c0004511e,,-8.4,AED,PROCESSED,,,,
2026-09-30T09:45:13.769,2026-09-30T13:45:13.769,EURUSD,TRADE,Trade closed,140317822259605,00000000-66d9-c4fe-0493-972c0004511e,,6.83,AED,PROCESSED,,,,
2026-09-30T09:36:51.042,2026-09-30T13:36:51.042,PALLADIUM,TRADE,Trade closed,140317295871585,00000000-66d9-b842-0493-972c0004511e,,-10.28,AED,PROCESSED,,,,
2026-09-30T09:32:07.452,2026-09-30T13:32:07.452,GOLD,TRADE,Trade closed,140316998073753,00000000-66d9-ac0f-0493-972c0004511e,,5.81,AED,PROCESSED,,,,
2026-09-30T09:25:56.863,2026-09-30T13:25:56.863,GOLD,TRADE,Trade closed,140316609048124,00000000-66d9-7eeb-0493-972c0004511e,,-7.02,AED,PROCESSED,,,,
2026-09-30T09:22:31.059,2026-09-30T13:22:31.059,SILVER,TRADE,Trade closed,140316394087851,00000000-66d9-59fc-0493-972c0004511e,,2.91,AED,PROCESSED,,,,
2026-09-30T09:21:09.505,2026-09-30T13:21:09.505,SILVER,TRADE,Trade closed,140316308103961,00000000-66d9-7f12-0493-972c0004511e,,2.68,AED,PROCESSED,,,,
2026-09-30T09:09:12.584,2026-09-30T13:09:12.584,US500,TRADE,Trade closed,140315556268244,00000000-66d9-56fa-0493-972c0004511e,,-10.11,AED,PROCESSED,,,,
2026-09-30T08:54:49.983,2026-09-30T12:54:49.983,SILVER,TRADE,Trade closed,140314651338147,00000000-66d9-20e4-0493-972c0004511e,,-9.94,AED,PROCESSED,,,,
2026-09-30T08:53:46.068,2026-09-30T12:53:46.068,GOLD,TRADE,Trade closed,140314585277074,00000000-66d9-2068-0493-972c0004511e,,-10.85,AED,PROCESSED,,,,
2026-09-30T08:33:59.673,2026-09-30T12:33:59.673,AUDUSD,TRADE,Trade closed,140313340609683,00000000-66d9-2535-0493-972c0004511e,,8.24,AED,PROCESSED,,,,
2026-09-30T08:25:32.110,2026-09-30T12:25:32.110,OIL_CRUDE,TRADE,Trade closed,140312808977841,00000000-66d9-0895-0493-972c0004511e,,2.71,AED,PROCESSED,,,,
2026-09-30T08:19:04.450,2026-09-30T12:19:04.450,GOLD,TRADE,Trade closed,140312402127382,00000000-66d8-9b29-0493-972c0004511e,,3.38,AED,PROCESSED,,,,
2026-09-30T08:17:13.893,2026-09-30T12:17:13.893,GOLD,TRADE,Trade closed,140312285734553,00000000-66d8-d789-0493-972c0004511e,,2.87,AED,PROCESSED,,,,
2026-09-30T08:03:07.911,2026-09-30T12:03:07.911,GBPUSD,TRADE,Trade closed,140311398633356,00000000-66d8-d821-0493-972c0004511e,,3.43,AED,PROCESSED,,,,
2026-09-30T08:01:48.070,2026-09-30T12:01:48.070,GBPUSD,TRADE,Trade closed,140311315795072,00000000-66d8-ce3f-0493-972c0004511e,,5.55,AED,PROCESSED,,,,
2026-09-30T07:57:41.925,2026-09-30T11:57:41.925,PALLADIUM,TRADE,Trade closed,140311056794657,00000000-66d8-a7bd-0493-972c0004511e,,-10.65,AED,PROCESSED,,,,
2026-09-30T07:43:11.860,2026-09-30T11:43:11.860,GBPUSD,TRADE,Trade closed,140310144527644,00000000-66d8-a453-0493-972c0004511e,,-9.91,AED,PROCESSED,,,,
2026-09-30T07:43:10.191,2026-09-30T11:43:10.191,GBPUSD,TRADE,Trade closed,140310143479021,00000000-66d8-b0d9-0493-972c0004511e,,-7.89,AED,PROCESSED,,,,
2026-09-30T07:36:03.352,2026-09-30T11:36:03.352,AUDUSD,TRADE,Trade closed,140309695734182,00000000-66d8-aa80-0493-972c0004511e,,3.16,AED,PROCESSED,,,,
2026-09-30T07:33:09.970,2026-09-30T11:33:09.970,OIL_CRUDE,TRADE,Trade closed,140309513280800,00000000-66d8-9ca4-0493-972c0004511e,,3.88,AED,PROCESSED,,,,
2026-09-30T07:28:17.588,2026-09-30T11:28:17.588,SILVER,TRADE,Trade closed,140309207094130,00000000-66d8-7e8c-0493-972c0004511e,,-10.68,AED,PROCESSED,,,,
2026-09-30T07:23:54.128,2026-09-30T11:23:54.128,GOLD,TRADE,Trade closed,140308931315172,00000000-66d8-7e36-0493-972c0004511e,,6.08,AED,PROCESSED,,,,
2026-09-30T07:16:27.312,2026-09-30T11:16:27.312,US100,TRADE,Trade closed,140308462594794,00000000-66d8-5cc0-0493-972c0004511e,,-10.57,AED,PROCESSED,,,,
2026-09-30T07:16:18.117,2026-09-30T11:16:18.117,US500,TRADE,Trade closed,140308453157274,00000000-66d8-5d3a-0493-972c0004511e,,-10.1,AED,PROCESSED,,,,
2026-09-30T07:02:33.341,2026-09-30T11:02:33.341,OIL_CRUDE,TRADE,Trade closed,140307588072712,00000000-66d8-3abb-0493-972c0004511e,,-10.04,AED,PROCESSED,,,,
2026-09-30T07:02:31.434,2026-09-30T11:02:31.434,US100,TRADE,Trade closed,140307585975481,00000000-66d8-3a0a-0493-972c0004511e,,-9.65,AED,PROCESSED,,,,
2026-09-30T06:55:47.449,2026-09-30T10:55:47.449,US500,TRADE,Trade closed,140307162346053,00000000-66d8-3a4f-0493-972c0004511e,,-10.11,AED,PROCESSED,,,,
2026-09-30T06:55:18.663,2026-09-30T10:55:18.663,BTCUSD,TRADE,Trade closed,140307131936956,00000000-66d8-3a74-0493-972c0004511e,,-9.99,AED,PROCESSED,,,,
2026-09-30T06:54:39.439,2026-09-30T10:54:39.439,EURUSD,TRADE,Trade closed,140307091042188,00000000-66d8-37f2-0493-972c0004511e,,4.09,AED,PROCESSED,,,,
2026-09-30T06:51:27.168,2026-09-30T10:51:27.168,GOLD,TRADE,Trade closed,140306889710960,00000000-66d7-e199-0493-972c0004511e,,-9.97,AED,PROCESSED,,,,
2026-09-30T06:51:27.111,2026-09-30T10:51:27.111,GOLD,TRADE,Trade closed,140306889710929,00000000-66d7-ea59-0493-972c0004511e,,-10.24,AED,PROCESSED,,,,
2026-09-30T06:17:21.247,2026-09-30T10:17:21.247,OIL_CRUDE,TRADE,Trade closed,140304744443327,00000000-66d7-ea37-0493-972c0004511e,,5.29,AED,PROCESSED,,,,
2026-09-30T06:02:48.212,2026-09-30T10:02:48.212,SILVER,TRADE,Trade closed,140303829031706,00000000-66d7-d982-0493-972c0004511e,,-10.46,AED,PROCESSED,,,,
2026-09-30T05:59:50.506,2026-09-30T09:59:50.506,US500,TRADE,Trade closed,140303642383856,00000000-66d7-e155-0493-972c0004511e,,4.6,AED,PROCESSED,,,,
2026-09-30T05:58:57.130,2026-09-30T09:58:57.130,OIL_CRUDE,TRADE,Trade closed,140303586808271,00000000-66d7-171f-0493-972c0004511e,,-11.38,AED,PROCESSED,,,,
2026-09-30T05:58:56.953,2026-09-30T09:58:56.953,US100,TRADE,Trade closed,140303585759584,00000000-66d7-d997-0493-972c0004511e,,-10.98,AED,PROCESSED,,,,
2026-09-30T05:53:41.608,2026-09-30T09:53:41.608,BTCUSD,TRADE,Trade closed,140303255456221,00000000-66d7-c697-0493-972c0004511e,,-10.03,AED,PROCESSED,,,,
2026-09-30T05:35:51.921,2026-09-30T09:35:51.921,US100,TRADE,Trade closed,140302133475565,00000000-66d7-b93f-0493-972c0004511e,,-10.89,AED,PROCESSED,,,,
2026-09-30T05:31:47.768,2026-09-30T09:31:47.768,OIL_CRUDE,TRADE,Trade closed,140301877620835,00000000-66d7-b67d-0493-972c0004511e,,-10.02,AED,PROCESSED,,,,
2026-09-30T05:30:13.760,2026-09-30T09:30:13.760,GOLD,TRADE,Trade closed,140301779054138,00000000-66d7-ab24-0493-972c0004511e,,-10.22,AED,PROCESSED,,,,
2026-09-30T05:15:00.694,2026-09-30T09:15:00.694,SILVER,TRADE,Trade closed,140300821697479,00000000-66d7-17cd-0493-972c0004511e,,2.12,AED,PROCESSED,,,,
2026-09-30T04:52:12.087,2026-09-30T08:52:12.087,BTCUSD,TRADE,Trade closed,140299387237031,00000000-66d7-16c5-0493-972c0004511e,,2.12,AED,PROCESSED,,,,
2026-09-30T04:35:17.825,2026-09-30T08:35:17.825,GOLD,TRADE,Trade closed,140298322927604,00000000-66d7-03c5-0493-972c0004511e,,4.55,AED,PROCESSED,,,,
2026-09-30T04:26:37.371,2026-09-30T08:26:37.371,GOLD,TRADE,Trade closed,140297777666231,00000000-66d7-1778-0493-972c0004511e,,2.22,AED,PROCESSED,,,,
2026-09-30T03:49:59.067,2026-09-30T07:49:59.067,OIL_CRUDE,TRADE,Trade closed,140295472887774,00000000-66d6-feb5-0493-972c0004511e,,2.74,AED,PROCESSED,,,,
2026-09-30T03:44:58.996,2026-09-30T07:44:58.996,OIL_CRUDE,TRADE,Trade closed,140295158314093,00000000-66d7-0396-0493-972c0004511e,,5.51,AED,PROCESSED,,,,
2026-09-30T03:33:46.304,2026-09-30T07:33:46.304,US100,TRADE,Trade closed,140294452619549,00000000-66d6-fe67-0493-972c0004511e,,-4.21,AED,PROCESSED,,,,
2026-09-30T03:33:26.203,2026-09-30T07:33:26.203,OIL_CRUDE,TRADE,Trade closed,140294431647901,00000000-66d6-f528-0493-972c0004511e,,-3.26,AED,PROCESSED,,,,
2026-09-30T03:33:23.071,2026-09-30T07:33:23.071,OIL_CRUDE,TRADE,Trade closed,140294428502147,00000000-66d6-f4c9-0493-972c0004511e,,-8.09,AED,PROCESSED,,,,
2026-09-30T03:31:49.081,2026-09-30T07:31:49.081,US100,TRADE,Trade closed,140294329935325,00000000-66d6-f500-0493-972c0004511e,,-3.08,AED,PROCESSED,,,,
2026-09-30T03:29:43.116,2026-09-30T07:29:43.116,SILVER,TRADE,Trade closed,140294197814271,00000000-66d6-f4de-0493-972c0004511e,,-7.42,AED,PROCESSED,,,,
2026-09-30T03:21:41.970,2026-09-30T07:21:41.970,BTCUSD,TRADE,Trade closed,140293692399686,00000000-66d6-f515-0493-972c0004511e,,-3.24,AED,PROCESSED,,,,
2026-09-30T03:19:14.756,2026-09-30T07:19:14.756,US100,TRADE,Trade closed,140293538258507,00000000-66d6-f3ad-0493-972c0004511e,,0.06,AED,PROCESSED,,,,
2026-09-30T03:19:14.690,2026-09-30T07:19:14.690,SILVER,TRADE,Trade closed,140293538258505,00000000-66d6-f16c-0493-972c0004511e,,-4.94,AED,PROCESSED,,,,
2026-09-30T03:19:14.690,2026-09-30T07:19:14.690,SILVER,TRADE,Trade closed,140293538258506,00000000-66d6-f38b-0493-972c0004511e,,-1.72,AED,PROCESSED,,,,
2026-09-30T03:19:14.599,2026-09-30T07:19:14.599,OIL_CRUDE,TRADE,Trade closed,140293538258504,00000000-66d6-f1e0-0493-972c0004511e,,-0.79,AED,PROCESSED,,,,
2026-09-30T03:18:23.569,2026-09-30T07:18:23.569,BTCUSD,TRADE,Trade closed,140293484780985,00000000-66d6-f1c9-0493-972c0004511e,,0.89,AED,PROCESSED,,,,
2026-09-30T03:18:07.540,2026-09-30T07:18:07.540,US100,TRADE,Trade closed,140293468003742,00000000-66d6-f19f-0493-972c0004511e,,2.84,AED,PROCESSED,,,,
2026-09-30T03:16:11.664,2026-09-30T07:16:11.664,US100,TRADE,Trade closed,140293346368556,00000000-66d6-eaa8-0493-972c0004511e,,-1.12,AED,PROCESSED,,,,
2026-09-30T03:16:11.597,2026-09-30T07:16:11.597,SILVER,TRADE,Trade closed,140293346368554,00000000-66d6-ea52-0493-972c0004511e,,0.15,AED,PROCESSED,,,,
2026-09-30T03:16:11.530,2026-09-30T07:16:11.530,US500,TRADE,Trade closed,140293346368553,00000000-66d6-eac4-0493-972c0004511e,,-2.77,AED,PROCESSED,,,,
2026-09-30T03:16:11.464,2026-09-30T07:16:11.464,OIL_CRUDE,TRADE,Trade closed,140293346368552,00000000-66d6-e9ce-0493-972c0004511e,,0.06,AED,PROCESSED,,,,
2026-09-30T03:16:11.398,2026-09-30T07:16:11.398,GOLD,TRADE,Trade closed,140293346368551,00000000-66d6-ea3d-0493-972c0004511e,,-0.38,AED,PROCESSED,,,,
2026-09-30T03:16:11.328,2026-09-30T07:16:11.328,BTCUSD,TRADE,Trade closed,140293346368548,00000000-66d6-e9a5-0493-972c0004511e,,-0.51,AED,PROCESSED,,,,
2026-09-30T03:16:11.328,2026-09-30T07:16:11.328,BTCUSD,TRADE,Trade closed,140293346368549,00000000-66d6-eae5-0493-972c0004511e,,-0.28,AED,PROCESSED,,,,
2026-09-30T03:12:09.129,2026-09-30T07:12:09.129,SILVER,TRADE,Trade closed,140293092612560,00000000-66d6-db45-0493-972c0004511e,,-3.38,AED,PROCESSED,,,,
2026-09-30T03:12:09.061,2026-09-30T07:12:09.061,US100,TRADE,Trade closed,140293092612559,00000000-66d6-df85-0493-972c0004511e,,-0.2,AED,PROCESSED,,,,
2026-09-30T03:12:09.061,2026-09-30T07:12:09.061,US100,TRADE,Trade closed,140293092612556,00000000-66d6-cb21-0493-972c0004511e,,-0.03,AED,PROCESSED,,,,
2026-09-30T03:12:09.061,2026-09-30T07:12:09.061,US100,TRADE,Trade closed,140293092612557,00000000-66d6-db8b-0493-972c0004511e,,-0.56,AED,PROCESSED,,,,
2026-09-30T03:12:09.061,2026-09-30T07:12:09.061,US100,TRADE,Trade closed,140293092612558,00000000-66d6-dd34-0493-972c0004511e,,-0.01,AED,PROCESSED,,,,
2026-09-30T03:12:08.919,2026-09-30T07:12:08.919,OIL_CRUDE,TRADE,Trade closed,140293091563978,00000000-66d6-d887-0493-972c0004511e,,0.04,AED,PROCESSED,,,,
2026-09-30T03:12:08.852,2026-09-30T07:12:08.852,US500,TRADE,Trade closed,140293091563976,00000000-66d6-dbce-0493-972c0004511e,,-0.65,AED,PROCESSED,,,,
2026-09-30T03:12:08.852,2026-09-30T07:12:08.852,US500,TRADE,Trade closed,140293091563975,00000000-66d6-d82d-0493-972c0004511e,,0.03,AED,PROCESSED,,,,
2026-09-30T03:12:08.852,2026-09-30T07:12:08.852,US500,TRADE,Trade closed,140293091563977,00000000-66d6-dfaf-0493-972c0004511e,,-0.09,AED,PROCESSED,,,,
2026-09-30T03:12:08.737,2026-09-30T07:12:08.737,GOLD,TRADE,Trade closed,140293091563973,00000000-66d6-ca98-0493-972c0004511e,,-0.33,AED,PROCESSED,,,,
2026-09-30T03:12:08.737,2026-09-30T07:12:08.737,GOLD,TRADE,Trade closed,140293091563974,00000000-66d6-db04-0493-972c0004511e,,0.04,AED,PROCESSED,,,,
2026-09-30T03:12:00.689,2026-09-30T07:12:00.689,BTCUSD,TRADE,Trade closed,140293083175345,00000000-66d6-d311-0493-972c0004511e,,0.08,AED,PROCESSED,,,,
2026-09-30T03:12:00.689,2026-09-30T07:12:00.689,BTCUSD,TRADE,Trade closed,140293083175347,00000000-66d6-dbff-0493-972c0004511e,,-0.01,AED,PROCESSED,,,,
2026-09-30T03:12:00.689,2026-09-30T07:12:00.689,BTCUSD,TRADE,Trade closed,140293083175348,00000000-66d6-dfe3-0493-972c0004511e,,-0.13,AED,PROCESSED,,,,
2026-09-30T03:12:00.689,2026-09-30T07:12:00.689,BTCUSD,TRADE,Trade closed,140293083175344,00000000-66d6-d215-0493-972c0004511e,,0.35,AED,PROCESSED,,,,
2026-09-30T03:12:00.689,2026-09-30T07:12:00.689,BTCUSD,TRADE,Trade closed,140293083175343,00000000-66d6-cd7e-0493-972c0004511e,,0.68,AED,PROCESSED,,,,
2026-09-30T03:12:00.689,2026-09-30T07:12:00.689,BTCUSD,TRADE,Trade closed,140293083175346,00000000-66d6-d86c-0493-972c0004511e,,-0.07,AED,PROCESSED,,,,
2026-09-30T03:04:08.308,2026-09-30T07:04:08.308,BTCUSD,TRADE,Trade closed,140292588246286,00000000-66d6-ded4-0493-972c0004511e,,-0.09,AED,PROCESSED,,,,
2026-09-30T03:03:04.479,2026-09-30T07:03:04.479,AUDUSD,TRADE,Trade closed,140292521137273,00000000-66d6-dfc8-0493-972c0004511e,,-6.72,AED,PROCESSED,,,,
2026-09-30T03:02:00.501,2026-09-30T07:02:00.501,BTCUSD,TRADE,Trade closed,140292454028264,00000000-66d6-cf89-0493-972c0004511e,,0.5,AED,PROCESSED,,,,
2026-09-30T02:59:19.377,2026-09-30T06:59:19.377,GOLD,TRADE,Trade closed,140292285206938,00000000-66d6-cc5c-0493-972c0004511e,,-1.17,AED,PROCESSED,,,,
2026-09-30T02:59:04.921,2026-09-30T06:59:04.921,GOLD,TRADE,Trade closed,140292269478131,00000000-66d6-cde4-0493-972c0004511e,,-1.25,AED,PROCESSED,,,,
2026-09-30T02:59:04.863,2026-09-30T06:59:04.863,GOLD,TRADE,Trade closed,140292269478127,00000000-66d6-d251-0493-972c0004511e,,-0.88,AED,PROCESSED,,,,
2026-09-30T02:59:04.455,2026-09-30T06:59:04.455,US500,TRADE,Trade closed,140292269478116,00000000-66d6-d1b7-0493-972c0004511e,,0.89,AED,PROCESSED,,,,
2026-09-30T02:59:04.455,2026-09-30T06:59:04.455,US500,TRADE,Trade closed,140292269478117,00000000-66d6-d2e1-0493-972c0004511e,,0.08,AED,PROCESSED,,,,
2026-09-30T02:58:58.416,2026-09-30T06:58:58.416,US100,TRADE,Trade closed,140292263186628,00000000-66d6-cc8b-0493-972c0004511e,,0.99,AED,PROCESSED,,,,
2026-09-30T02:58:57.238,2026-09-30T06:58:57.238,US100,TRADE,Trade closed,140292262138045,00000000-66d6-d17e-0493-972c0004511e,,1.0,AED,PROCESSED,,,,
2026-09-30T02:58:56.203,2026-09-30T06:58:56.203,US100,TRADE,Trade closed,140292261089443,00000000-66d6-d818-0493-972c0004511e,,0.48,AED,PROCESSED,,,,
2026-09-30T02:58:50.604,2026-09-30T06:58:50.604,US100,TRADE,Trade closed,140292254797964,00000000-66d6-d2bd-0493-972c0004511e,,0.11,AED,PROCESSED,,,,
2026-09-30T02:58:16.266,2026-09-30T06:58:16.266,US100,TRADE,Trade closed,140292219146191,00000000-66d6-d08e-0493-972c0004511e,,0.06,AED,PROCESSED,,,,
2026-09-30T02:58:15.502,2026-09-30T06:58:15.502,US500,TRADE,Trade closed,140292218097608,00000000-66d6-cd1e-0493-972c0004511e,,1.06,AED,PROCESSED,,,,
2026-09-30T02:57:52.133,2026-09-30T06:57:52.133,US500,TRADE,Trade closed,140292193980272,00000000-66d6-cf65-0493-972c0004511e,,0.29,AED,PROCESSED,,,,
2026-09-30T02:57:52.015,2026-09-30T06:57:52.015,US100,TRADE,Trade closed,140292193980270,00000000-66d6-cf4b-0493-972c0004511e,,0.42,AED,PROCESSED,,,,
2026-09-30T02:57:51.125,2026-09-30T06:57:51.125,US100,TRADE,Trade closed,140292192931686,00000000-66d6-ce7d-0493-972c0004511e,,0.94,AED,PROCESSED,,,,
2026-09-30T02:57:37.490,2026-09-30T06:57:37.490,US500,TRADE,Trade closed,140292178251583,00000000-66d6-cea9-0493-972c0004511e,,0.84,AED,PROCESSED,,,,
2026-09-30T02:56:55.536,2026-09-30T06:56:55.536,OIL_CRUDE,TRADE,Trade closed,140292134211218,00000000-66d6-b943-0493-972c0004511e,,-0.83,AED,PROCESSED,,,,
2026-09-30T02:56:38.835,2026-09-30T06:56:38.835,OIL_CRUDE,TRADE,Trade closed,140292116385381,00000000-66d6-b318-0493-972c0004511e,,-1.15,AED,PROCESSED,,,,
2026-09-30T02:51:04.991,2026-09-30T06:51:04.991,OIL_CRUDE,TRADE,Trade closed,140291767208538,00000000-66d6-b318-0493-972c0004511e,,-0.18,AED,PROCESSED,,,,
2026-09-30T02:51:04.991,2026-09-30T06:51:04.991,OIL_CRUDE,TRADE,Trade closed,140291767208537,00000000-66d6-b007-0493-972c0004511e,,-0.64,AED,PROCESSED,,,,
2026-09-30T02:50:06.486,2026-09-30T06:50:06.486,OIL_CRUDE,TRADE,Trade closed,140291705342310,00000000-66d6-c243-0493-972c0004511e,,-1.35,AED,PROCESSED,,,,
2026-09-30T02:50:06.486,2026-09-30T06:50:06.486,OIL_CRUDE,TRADE,Trade closed,140291705342309,00000000-66d6-af43-0493-972c0004511e,,-2.23,AED,PROCESSED,,,,
2026-09-30T02:49:31.728,2026-09-30T06:49:31.728,OIL_CRUDE,TRADE,Trade closed,140291668642051,00000000-66d6-cdae-0493-972c0004511e,,-1.43,AED,PROCESSED,,,,
2026-09-30T02:48:27.071,2026-09-30T06:48:27.071,BTCUSD,TRADE,Trade closed,140291601532927,00000000-66d6-af05-0493-972c0004511e,,-1.5,AED,PROCESSED,,,,
2026-09-30T02:47:51.449,2026-09-30T06:47:51.449,BTCUSD,TRADE,Trade closed,140291563783936,00000000-66d6-afda-0493-972c0004511e,,-0.66,AED,PROCESSED,,,,
2026-09-30T02:47:49.218,2026-09-30T06:47:49.218,BTCUSD,TRADE,Trade closed,140291561686779,00000000-66d6-cb54-0493-972c0004511e,,-0.09,AED,PROCESSED,,,,
2026-09-30T02:47:41.914,2026-09-30T06:47:41.914,BTCUSD,TRADE,Trade closed,140291553298121,00000000-66d6-c37f-0493-972c0004511e,,-0.13,AED,PROCESSED,,,,
2026-09-30T02:47:29.482,2026-09-30T06:47:29.482,US500,TRADE,Trade closed,140291540715124,00000000-66d6-c34a-0493-972c0004511e,,-0.12,AED,PROCESSED,,,,
2026-09-30T02:47:28.546,2026-09-30T06:47:28.546,US100,TRADE,Trade closed,140291539666522,00000000-66d6-c2ec-0493-972c0004511e,,-1.49,AED,PROCESSED,,,,
2026-09-30T02:47:27.915,2026-09-30T06:47:27.915,US100,TRADE,Trade closed,140291538617929,00000000-66d6-c5b8-0493-972c0004511e,,-1.47,AED,PROCESSED,,,,
2026-09-30T02:47:05.033,2026-09-30T06:47:05.033,BTCUSD,TRADE,Trade closed,140291515549109,00000000-66d6-c1fb-0493-972c0004511e,,-1.4,AED,PROCESSED,,,,
2026-09-30T02:46:54.211,2026-09-30T06:46:54.211,US500,TRADE,Trade closed,140291504014531,00000000-66d6-c639-0493-972c0004511e,,-1.19,AED,PROCESSED,,,,
2026-09-30T02:46:54.211,2026-09-30T06:46:54.211,US500,TRADE,Trade closed,140291504014530,00000000-66d6-ba70-0493-972c0004511e,,-0.54,AED,PROCESSED,,,,
2026-09-30T02:46:53.243,2026-09-30T06:46:53.243,US100,TRADE,Trade closed,140291502965932,00000000-66d6-ba23-0493-972c0004511e,,-0.43,AED,PROCESSED,,,,
2026-09-30T02:46:52.838,2026-09-30T06:46:52.838,US100,TRADE,Trade closed,140291501917350,00000000-66d6-c1a7-0493-972c0004511e,,-1.39,AED,PROCESSED,,,,
2026-09-30T02:46:52.585,2026-09-30T06:46:52.585,US500,TRADE,Trade closed,140291501917341,00000000-66d6-c1d0-0493-972c0004511e,,-1.37,AED,PROCESSED,,,,
2026-09-30T02:46:14.188,2026-09-30T06:46:14.188,SILVER,TRADE,Trade closed,140291462070938,00000000-66d6-c500-0493-972c0004511e,,-1.4,AED,PROCESSED,,,,
2026-09-30T02:45:20.429,2026-09-30T06:45:20.429,SILVER,TRADE,Trade closed,140291405447303,00000000-66d6-c2cf-0493-972c0004511e,,-1.37,AED,PROCESSED,,,,
2026-09-30T02:44:42.460,2026-09-30T06:44:42.460,SILVER,TRADE,Trade closed,140291365601283,00000000-66d6-c15b-0493-972c0004511e,,-1.43,AED,PROCESSED,,,,
2026-09-30T02:44:42.460,2026-09-30T06:44:42.460,SILVER,TRADE,Trade closed,140291365601282,00000000-66d6-bba6-0493-972c0004511e,,-0.72,AED,PROCESSED,,,,
2026-09-30T02:44:21.600,2026-09-30T06:44:21.600,GOLD,TRADE,Trade closed,140291343581081,00000000-66d6-b974-0493-972c0004511e,,-0.25,AED,PROCESSED,,,,
2026-09-30T02:44:21.600,2026-09-30T06:44:21.600,GOLD,TRADE,Trade closed,140291343581082,00000000-66d6-bb52-0493-972c0004511e,,-0.03,AED,PROCESSED,,,,
2026-09-30T02:43:18.976,2026-09-30T06:43:18.976,GOLD,TRADE,Trade closed,140291277520515,00000000-66d6-b812-0493-972c0004511e,,-0.3,AED,PROCESSED,,,,
2026-09-30T02:40:57.571,2026-09-30T06:40:57.571,BTCUSD,TRADE,Trade closed,140291129670813,00000000-66d6-b2e0-0493-972c0004511e,,-1.4,AED,PROCESSED,,,,
2026-09-30T02:40:36.641,2026-09-30T06:40:36.641,BTCUSD,TRADE,Trade closed,140291107650660,00000000-66d6-b580-0493-972c0004511e,,-0.24,AED,PROCESSED,,,,
2026-09-30T02:40:33.591,2026-09-30T06:40:33.591,BTCUSD,TRADE,Trade closed,140291104504927,00000000-66d6-b91b-0493-972c0004511e,,-0.82,AED,PROCESSED,,,,
2026-09-30T02:40:33.199,2026-09-30T06:40:33.199,BTCUSD,TRADE,Trade closed,140291104504926,00000000-66d6-b69a-0493-972c0004511e,,-0.97,AED,PROCESSED,,,,
2026-09-30T02:40:19.114,2026-09-30T06:40:19.114,BTCUSD,TRADE,Trade closed,140291089824807,00000000-66d6-bb13-0493-972c0004511e,,-0.74,AED,PROCESSED,,,,
2026-09-30T02:38:29.630,2026-09-30T06:38:29.630,US100,TRADE,Trade closed,140290974481036,00000000-66d6-b408-0493-972c0004511e,,0.98,AED,PROCESSED,,,,
2026-09-30T02:38:22.615,2026-09-30T06:38:22.615,US100,TRADE,Trade closed,140290967140932,00000000-66d6-b24b-0493-972c0004511e,,0.94,AED,PROCESSED,,,,
2026-09-30T02:38:22.615,2026-09-30T06:38:22.615,US100,TRADE,Trade closed,140290967140934,00000000-66d6-b8a1-0493-972c0004511e,,0.79,AED,PROCESSED,,,,
2026-09-30T02:38:22.173,2026-09-30T06:38:22.173,US100,TRADE,Trade closed,140290967140912,00000000-66d6-b657-0493-972c0004511e,,0.59,AED,PROCESSED,,,,
2026-09-30T02:38:09.701,2026-09-30T06:38:09.701,SILVER,TRADE,Trade closed,140290953509300,00000000-66d6-b9de-0493-972c0004511e,,-0.37,AED,PROCESSED,,,,
2026-09-30T02:38:08.872,2026-09-30T06:38:08.872,SILVER,TRADE,Trade closed,140290952460719,00000000-66d6-b834-0493-972c0004511e,,-1.24,AED,PROCESSED,,,,
2026-09-30T02:37:29.088,2026-09-30T06:37:29.088,US500,TRADE,Trade closed,140290911566107,00000000-66d6-b2b3-0493-972c0004511e,,-0.09,AED,PROCESSED,,,,
2026-09-30T02:37:16.922,2026-09-30T06:37:16.922,GOLD,TRADE,Trade closed,140290897934554,00000000-66d6-af58-0493-972c0004511e,,-1.22,AED,PROCESSED,,,,
2026-09-30T02:37:06.146,2026-09-30T06:37:06.146,SILVER,TRADE,Trade closed,140290887448752,00000000-66d6-b0b0-0493-972c0004511e,,-1.03,AED,PROCESSED,,,,
2026-09-30T02:37:02.428,2026-09-30T06:37:02.428,GOLD,TRADE,Trade closed,140290883254399,00000000-66d6-b5bb-0493-972c0004511e,,-0.14,AED,PROCESSED,,,,
2026-09-30T02:37:02.003,2026-09-30T06:37:02.003,GOLD,TRADE,Trade closed,140290883254395,00000000-66d6-b392-0493-972c0004511e,,-1.31,AED,PROCESSED,,,,
2026-09-30T02:36:42.424,2026-09-30T06:36:42.424,BTCUSD,TRADE,Trade closed,140290862282780,00000000-66d6-ad2d-0493-972c0004511e,,0.23,AED,PROCESSED,,,,
2026-09-30T02:36:23.224,2026-09-30T06:36:23.224,SILVER,TRADE,Trade closed,140290842359726,00000000-66d6-b3c4-0493-972c0004511e,,-1.35,AED,PROCESSED,,,,
2026-09-30T02:35:39.738,2026-09-30T06:35:39.738,US500,TRADE,Trade closed,140290796222251,00000000-66d6-b2b3-0493-972c0004511e,,0.03,AED,PROCESSED,,,,
2026-09-30T02:34:56.366,2026-09-30T06:34:56.366,BTCUSD,TRADE,Trade closed,140290751133363,00000000-66d6-ab81-0493-972c0004511e,,0.32,AED,PROCESSED,,,,
2026-09-30T02:34:47.282,2026-09-30T06:34:47.282,US100,TRADE,Trade closed,140290741696147,00000000-66d6-ac3d-0493-972c0004511e,,0.34,AED,PROCESSED,,,,
2026-09-30T02:34:18.581,2026-09-30T06:34:18.581,US500,TRADE,Trade closed,140290711287232,00000000-66d6-ac62-0493-972c0004511e,,-0.5,AED,PROCESSED,,,,
2026-09-30T02:33:21.285,2026-09-30T06:33:21.285,US500,TRADE,Trade closed,140290651518226,00000000-66d6-aeca-0493-972c0004511e,,-1.48,AED,PROCESSED,,,,
2026-09-30T02:33:21.285,2026-09-30T06:33:21.285,US500,TRADE,Trade closed,140290651518225,00000000-66d6-ab62-0493-972c0004511e,,-0.46,AED,PROCESSED,,,,
2026-09-30T02:33:16.695,2026-09-30T06:33:16.695,US100,TRADE,Trade closed,140290646275328,00000000-66d6-acee-0493-972c0004511e,,0.32,AED,PROCESSED,,,,
2026-09-30T02:33:16.695,2026-09-30T06:33:16.695,US100,TRADE,Trade closed,140290646275327,00000000-66d6-ab4b-0493-972c0004511e,,0.28,AED,PROCESSED,,,,
2026-09-30T02:32:57.954,2026-09-30T06:32:57.954,US500,TRADE,Trade closed,140290626352252,00000000-66d6-9f09-0493-972c0004511e,,-0.72,AED,PROCESSED,,,,
2026-09-30T02:32:55.479,2026-09-30T06:32:55.479,GOLD,TRADE,Trade closed,140290624255072,00000000-66d6-b020-0493-972c0004511e,,0.45,AED,PROCESSED,,,,
2026-09-30T02:32:55.416,2026-09-30T06:32:55.416,US500,TRADE,Trade closed,140290624255069,00000000-66d6-ad12-0493-972c0004511e,,-0.46,AED,PROCESSED,,,,
2026-09-30T02:32:55.187,2026-09-30T06:32:55.187,US100,TRADE,Trade closed,140290624255057,00000000-66d6-9a12-0493-972c0004511e,,0.16,AED,PROCESSED,,,,
2026-09-30T02:32:52.903,2026-09-30T06:32:52.903,US100,TRADE,Trade closed,140290621109284,00000000-66d6-95dd-0493-972c0004511e,,0.98,AED,PROCESSED,,,,
2026-09-30T02:32:52.903,2026-09-30T06:32:52.903,US100,TRADE,Trade closed,140290621109285,00000000-66d6-999a-0493-972c0004511e,,0.97,AED,PROCESSED,,,,
2026-09-30T02:32:43.360,2026-09-30T06:32:43.360,US500,TRADE,Trade closed,140290611671912,00000000-66d6-a1ea-0493-972c0004511e,,-1.43,AED,PROCESSED,,,,
2026-09-30T02:32:43.360,2026-09-30T06:32:43.360,US500,TRADE,Trade closed,140290611671913,00000000-66d6-a901-0493-972c0004511e,,-1.5,AED,PROCESSED,,,,
2026-09-30T02:32:22.696,2026-09-30T06:32:22.696,BTCUSD,TRADE,Trade closed,140290589651705,00000000-66d6-a937-0493-972c0004511e,,0.51,AED,PROCESSED,,,,
2026-09-30T02:31:44.173,2026-09-30T06:31:44.173,SILVER,TRADE,Trade closed,140290549805577,00000000-66d6-ac17-0493-972c0004511e,,0.39,AED,PROCESSED,,,,
2026-09-30T02:30:54.710,2026-09-30T06:30:54.710,US100,TRADE,Trade closed,140290497376557,00000000-66d6-a8d7-0493-972c0004511e,,0.9,AED,PROCESSED,,,,
2026-09-30T02:30:35.349,2026-09-30T06:30:35.349,US100,TRADE,Trade closed,140290477453506,00000000-66d6-9eba-0493-972c0004511e,,0.57,AED,PROCESSED,,,,
2026-09-30T02:30:27.786,2026-09-30T06:30:27.786,GOLD,TRADE,Trade closed,140290469064787,00000000-66d6-a017-0493-972c0004511e,,1.73,AED,PROCESSED,,,,
2026-09-30T02:30:26.569,2026-09-30T06:30:26.569,GOLD,TRADE,Trade closed,140290468016194,00000000-66d6-a107-0493-972c0004511e,,0.4,AED,PROCESSED,,,,
2026-09-30T02:30:17.685,2026-09-30T06:30:17.685,GOLD,TRADE,Trade closed,140290458578883,00000000-66d6-a221-0493-972c0004511e,,0.88,AED,PROCESSED,,,,
2026-09-30T02:30:17.353,2026-09-30T06:30:17.353,GOLD,TRADE,Trade closed,140290458578871,00000000-66d6-a86c-0493-972c0004511e,,0.88,AED,PROCESSED,,,,
2026-09-30T02:28:34.323,2026-09-30T06:28:34.323,US100,TRADE,Trade closed,140290350575260,00000000-66d6-992a-0493-972c0004511e,,0.86,AED,PROCESSED,,,,
2026-09-30T02:27:46.332,2026-09-30T06:27:46.332,US100,TRADE,Trade closed,140290300243492,00000000-66d6-98b0-0493-972c0004511e,,0.84,AED,PROCESSED,,,,
2026-09-30T02:26:29.473,2026-09-30T06:26:29.473,US100,TRADE,Trade closed,140290219502808,00000000-66d6-a1ae-0493-972c0004511e,,0.43,AED,PROCESSED,,,,
2026-09-30T02:23:10.675,2026-09-30T06:23:10.675,SILVER,TRADE,Trade closed,140290010835594,00000000-66d6-a127-0493-972c0004511e,,-0.68,AED,PROCESSED,,,,
2026-09-30T02:22:51.190,2026-09-30T06:22:51.190,SILVER,TRADE,Trade closed,140289990912432,00000000-66d6-a030-0493-972c0004511e,,-1.51,AED,PROCESSED,,,,
2026-09-30T02:22:22.696,2026-09-30T06:22:22.696,US100,TRADE,Trade closed,140289960503650,00000000-66d6-965c-0493-972c0004511e,,-0.08,AED,PROCESSED,,,,
2026-09-30T02:22:22.262,2026-09-30T06:22:22.262,US500,TRADE,Trade closed,140289960503645,00000000-66d6-9959-0493-972c0004511e,,1.0,AED,PROCESSED,,,,
2026-09-30T02:22:19.447,2026-09-30T06:22:19.447,BTCUSD,TRADE,Trade closed,140289957357889,00000000-66d6-a20c-0493-972c0004511e,,-4.73,AED,PROCESSED,,,,
2026-09-30T02:17:36.848,2026-09-30T06:17:36.848,US100,TRADE,Trade closed,140289660609569,00000000-66d6-96c6-0493-972c0004511e,,-1.35,AED,PROCESSED,,,,
2026-09-30T02:17:36.780,2026-09-30T06:17:36.780,US500,TRADE,Trade closed,140289660609566,00000000-66d6-98d2-0493-972c0004511e,,1.15,AED,PROCESSED,,,,
2026-09-30T02:17:36.780,2026-09-30T06:17:36.780,US500,TRADE,Trade closed,140289660609567,00000000-66d6-99c6-0493-972c0004511e,,1.05,AED,PROCESSED,,,,
2026-09-30T02:17:31.868,2026-09-30T06:17:31.868,US500,TRADE,Trade closed,140289655366650,00000000-66d6-9a29-0493-972c0004511e,,0.15,AED,PROCESSED,,,,
2026-09-30T02:17:18.256,2026-09-30T06:17:18.256,US100,TRADE,Trade closed,140289641735106,00000000-66d6-9733-0493-972c0004511e,,-1.41,AED,PROCESSED,,,,
2026-09-30T02:17:12.449,2026-09-30T06:17:12.449,SILVER,TRADE,Trade closed,140289635443592,00000000-66d6-9e22-0493-972c0004511e,,-0.62,AED,PROCESSED,,,,
2026-09-30T02:17:11.325,2026-09-30T06:17:11.325,US100,TRADE,Trade closed,140289634395006,00000000-66d6-97c4-0493-972c0004511e,,-1.53,AED,PROCESSED,,,,
2026-09-30T02:16:29.485,2026-09-30T06:16:29.485,US500,TRADE,Trade closed,140289590354671,00000000-66d6-95f6-0493-972c0004511e,,0.86,AED,PROCESSED,,,,
2026-09-30T02:16:29.485,2026-09-30T06:16:29.485,US500,TRADE,Trade closed,140289590354672,00000000-66d6-96e8-0493-972c0004511e,,1.34,AED,PROCESSED,,,,
2026-09-30T02:15:51.833,2026-09-30T06:15:51.833,US100,TRADE,Trade closed,140289550508662,00000000-66d6-9833-0493-972c0004511e,,-1.3,AED,PROCESSED,,,,
2026-09-30T02:15:40.047,2026-09-30T06:15:40.047,US500,TRADE,Trade closed,140289538974287,00000000-66d6-97d9-0493-972c0004511e,,1.29,AED,PROCESSED,,,,
2026-09-30T02:13:41.292,2026-09-30T06:13:41.292,US500,TRADE,Trade closed,140289414193315,00000000-66d6-9780-0493-972c0004511e,,1.15,AED,PROCESSED,,,,
2026-09-30T02:13:30.411,2026-09-30T06:13:30.411,US500,TRADE,Trade closed,140289402658943,00000000-66d6-9846-0493-972c0004511e,,1.05,AED,PROCESSED,,,,
2026-09-30T02:12:20.957,2026-09-30T06:12:20.957,US500,TRADE,Trade closed,140289329258240,00000000-66d6-94d6-0493-972c0004511e,,-1.62,AED,PROCESSED,,,,
2026-09-30T02:12:20.957,2026-09-30T06:12:20.957,US500,TRADE,Trade closed,140289329258238,00000000-66d6-93ca-0493-972c0004511e,,-1.38,AED,PROCESSED,,,,
2026-09-30T02:12:20.957,2026-09-30T06:12:20.957,US500,TRADE,Trade closed,140289329258239,00000000-66d6-942e-0493-972c0004511e,,-1.38,AED,PROCESSED,,,,
2026-09-30T02:12:20.957,2026-09-30T06:12:20.957,US500,TRADE,Trade closed,140289329258241,00000000-66d6-9560-0493-972c0004511e,,-1.48,AED,PROCESSED,,,,
2026-09-30T02:11:59.245,2026-09-30T06:11:59.245,US100,TRADE,Trade closed,140289307238015,00000000-66d6-954f-0493-972c0004511e,,0.95,AED,PROCESSED,,,,
2026-09-30T02:11:51.476,2026-09-30T06:11:51.476,US100,TRADE,Trade closed,140289298849380,00000000-66d6-9413-0493-972c0004511e,,0.95,AED,PROCESSED,,,,
2026-09-30T02:11:51.290,2026-09-30T06:11:51.290,US100,TRADE,Trade closed,140289298849378,00000000-66d6-93a1-0493-972c0004511e,,5.55,AED,PROCESSED,,,,
2026-09-30T02:11:51.290,2026-09-30T06:11:51.290,US100,TRADE,Trade closed,140289298849379,00000000-66d6-94bb-0493-972c0004511e,,0.85,AED,PROCESSED,,,,
2026-09-30T02:10:37.100,2026-09-30T06:10:37.100,US500,TRADE,Trade closed,140289221254434,00000000-66d6-92e9-0493-972c0004511e,,-1.48,AED,PROCESSED,,,,
2026-09-30T02:09:22.164,2026-09-30T06:09:22.164,US500,TRADE,Trade closed,140289142610750,00000000-66d6-8d1b-0493-972c0004511e,,-0.11,AED,PROCESSED,,,,
2026-09-30T02:09:22.164,2026-09-30T06:09:22.164,US500,TRADE,Trade closed,140289142610751,00000000-66d6-8e55-0493-972c0004511e,,-1.38,AED,PROCESSED,,,,
2026-09-30T02:09:22.164,2026-09-30T06:09:22.164,US500,TRADE,Trade closed,140289142610752,00000000-66d6-8ef1-0493-972c0004511e,,-1.48,AED,PROCESSED,,,,
2026-09-30T02:09:01.896,2026-09-30T06:09:01.896,US100,TRADE,Trade closed,140289120590580,00000000-66d6-92cb-0493-972c0004511e,,0.83,AED,PROCESSED,,,,
2026-09-30T02:09:01.675,2026-09-30T06:09:01.675,US100,TRADE,Trade closed,140289120590573,00000000-66d6-9064-0493-972c0004511e,,1.0,AED,PROCESSED,,,,
2026-09-30T02:09:00.685,2026-09-30T06:09:00.685,US100,TRADE,Trade closed,140289119541980,00000000-66d6-8e42-0493-972c0004511e,,5.41,AED,PROCESSED,,,,
2026-09-30T02:08:59.392,2026-09-30T06:08:59.392,US100,TRADE,Trade closed,140289118493390,00000000-66d6-8fba-0493-972c0004511e,,1.03,AED,PROCESSED,,,,
2026-09-30T02:08:59.392,2026-09-30T06:08:59.392,US100,TRADE,Trade closed,140289118493389,00000000-66d6-8eaf-0493-972c0004511e,,0.95,AED,PROCESSED,,,,
2026-09-30T02:08:59.180,2026-09-30T06:08:59.180,US500,TRADE,Trade closed,140289118493387,00000000-66d6-90f5-0493-972c0004511e,,-1.38,AED,PROCESSED,,,,
2026-09-30T02:08:59.180,2026-09-30T06:08:59.180,US500,TRADE,Trade closed,140289118493386,00000000-66d6-8fe6-0493-972c0004511e,,-1.38,AED,PROCESSED,,,,
2026-09-30T02:06:47.715,2026-09-30T06:06:47.715,SILVER,TRADE,Trade closed,140288980080543,00000000-66d6-750d-0493-972c0004511e,,-0.18,AED,PROCESSED,,,,
2026-09-30T02:06:47.715,2026-09-30T06:06:47.715,SILVER,TRADE,Trade closed,140288980080536,00000000-66d6-71ca-0493-972c0004511e,,0.19,AED,PROCESSED,,,,
2026-09-30T02:06:47.715,2026-09-30T06:06:47.715,SILVER,TRADE,Trade closed,140288980080541,00000000-66d6-7416-0493-972c0004511e,,0.05,AED,PROCESSED,,,,
2026-09-30T02:06:47.715,2026-09-30T06:06:47.715,SILVER,TRADE,Trade closed,140288980080544,00000000-66d6-7560-0493-972c0004511e,,-0.03,AED,PROCESSED,,,,
2026-09-30T02:06:47.715,2026-09-30T06:06:47.715,SILVER,TRADE,Trade closed,140288980080534,00000000-66d6-65a3-0493-972c0004511e,,1.58,AED,PROCESSED,,,,
2026-09-30T02:06:47.715,2026-09-30T06:06:47.715,SILVER,TRADE,Trade closed,140288980080538,00000000-66d6-72a3-0493-972c0004511e,,0.26,AED,PROCESSED,,,,
2026-09-30T02:06:47.715,2026-09-30T06:06:47.715,SILVER,TRADE,Trade closed,140288980080535,00000000-66d6-718c-0493-972c0004511e,,0.39,AED,PROCESSED,,,,
2026-09-30T02:06:47.715,2026-09-30T06:06:47.715,SILVER,TRADE,Trade closed,140288980080537,00000000-66d6-7233-0493-972c0004511e,,0.38,AED,PROCESSED,,,,
2026-09-30T02:06:47.715,2026-09-30T06:06:47.715,SILVER,TRADE,Trade closed,140288980080542,00000000-66d6-74be-0493-972c0004511e,,0.16,AED,PROCESSED,,,,
2026-09-30T02:06:47.715,2026-09-30T06:06:47.715,SILVER,TRADE,Trade closed,140288980080539,00000000-66d6-72e3-0493-972c0004511e,,0.29,AED,PROCESSED,,,,
2026-09-30T02:06:47.715,2026-09-30T06:06:47.715,SILVER,TRADE,Trade closed,140288980080540,00000000-66d6-7379-0493-972c0004511e,,0.19,AED,PROCESSED,,,,
2026-09-30T01:49:31.579,2026-09-30T05:49:31.579,US100,TRADE,Trade closed,140287893752380,00000000-66d6-6d87-0493-972c0004511e,,-0.01,AED,PROCESSED,,,,
2026-09-30T01:49:31.579,2026-09-30T05:49:31.579,US100,TRADE,Trade closed,140287893752381,00000000-66d6-6f21-0493-972c0004511e,,-0.01,AED,PROCESSED,,,,
2026-09-30T01:49:31.579,2026-09-30T05:49:31.579,US100,TRADE,Trade closed,140287893752379,00000000-66d6-65d5-0493-972c0004511e,,1.55,AED,PROCESSED,,,,
2026-09-30T01:49:29.342,2026-09-30T05:49:29.342,AUDUSD,TRADE,Trade closed,140287891655223,00000000-66d6-6f7e-0493-972c0004511e,,2.64,AED,PROCESSED,,,,
2026-09-30T01:49:27.500,2026-09-30T05:49:27.500,GOLD,TRADE,Trade closed,140287889558065,00000000-66d6-654f-0493-972c0004511e,,1.43,AED,PROCESSED,,,,
2026-09-30T01:43:04.247,2026-09-30T05:43:04.247,GOLD,TRADE,Trade closed,140287487952069,00000000-66d6-61e2-0493-972c0004511e,,-0.02,AED,PROCESSED,,,,
2026-09-30T01:11:40.253,2026-09-30T05:11:40.253,BTCUSD,TRADE,Trade closed,140285512424310,00000000-66d6-1e61-0493-972c0004511e,,-1.11,AED,PROCESSED,,,,
2026-09-30T01:11:40.253,2026-09-30T05:11:40.253,BTCUSD,TRADE,Trade closed,140285512424309,00000000-66d6-1c2e-0493-972c0004511e,,-0.15,AED,PROCESSED,,,,
2026-09-30T01:11:40.253,2026-09-30T05:11:40.253,BTCUSD,TRADE,Trade closed,140285512424312,00000000-66d6-345b-0493-972c0004511e,,-0.33,AED,PROCESSED,,,,
2026-09-30T01:11:40.253,2026-09-30T05:11:40.253,BTCUSD,TRADE,Trade closed,140285512424308,00000000-66d6-1973-0493-972c0004511e,,-1.2,AED,PROCESSED,,,,
2026-09-30T01:11:40.253,2026-09-30T05:11:40.253,BTCUSD,TRADE,Trade closed,140285512424311,00000000-66d6-20c9-0493-972c0004511e,,-0.1,AED,PROCESSED,,,,
2026-09-30T01:11:40.152,2026-09-30T05:11:40.152,US500,TRADE,Trade closed,140285512424306,00000000-66d6-20b8-0493-972c0004511e,,-0.08,AED,PROCESSED,,,,
2026-09-30T01:11:40.152,2026-09-30T05:11:40.152,US500,TRADE,Trade closed,140285512424304,00000000-66d6-11cd-0493-972c0004511e,,-4.12,AED,PROCESSED,,,,
2026-09-30T01:11:40.152,2026-09-30T05:11:40.152,US500,TRADE,Trade closed,140285512424305,00000000-66d6-1c17-0493-972c0004511e,,-0.06,AED,PROCESSED,,,,
2026-09-30T01:11:40.152,2026-09-30T05:11:40.152,US500,TRADE,Trade closed,140285512424307,00000000-66d6-3432-0493-972c0004511e,,-0.47,AED,PROCESSED,,,,
2026-09-30T01:11:40.060,2026-09-30T05:11:40.060,PALLADIUM,TRADE,Trade closed,140285512424303,00000000-66d6-33a9-0493-972c0004511e,,-2.86,AED,PROCESSED,,,,
2026-09-30T01:11:40.060,2026-09-30T05:11:40.060,PALLADIUM,TRADE,Trade closed,140285512424302,00000000-66d6-206d-0493-972c0004511e,,-0.16,AED,PROCESSED,,,,
2026-09-30T01:11:39.998,2026-09-30T05:11:39.998,PLATINUM,TRADE,Trade closed,140285512424299,00000000-66d6-0c28-0493-972c0004511e,,-1.66,AED,PROCESSED,,,,
2026-09-30T01:11:39.998,2026-09-30T05:11:39.998,PLATINUM,TRADE,Trade closed,140285512424300,00000000-66d6-19de-0493-972c0004511e,,-0.9,AED,PROCESSED,,,,
2026-09-30T01:11:39.998,2026-09-30T05:11:39.998,PLATINUM,TRADE,Trade closed,140285512424301,00000000-66d6-3382-0493-972c0004511e,,-1.48,AED,PROCESSED,,,,
2026-09-30T01:08:50.647,2026-09-30T05:08:50.647,US100,TRADE,Trade closed,140285334165180,00000000-66d6-20a3-0493-972c0004511e,,0.03,AED,PROCESSED,,,,
2026-09-30T01:08:50.647,2026-09-30T05:08:50.647,US100,TRADE,Trade closed,140285334165179,00000000-66d6-1e27-0493-972c0004511e,,1.25,AED,PROCESSED,,,,
2026-09-30T00:57:17.902,2026-09-30T04:57:17.902,PLATINUM,TRADE,Trade closed,140284607498465,00000000-66d6-0c28-0493-972c0004511e,,-0.12,AED,PROCESSED,,,,
2026-09-30T00:56:58.184,2026-09-30T04:56:58.184,BTCUSD,TRADE,Trade closed,140284587575497,00000000-66d6-1973-0493-972c0004511e,,-0.02,AED,PROCESSED,,,,
2026-09-30T00:55:29.407,2026-09-30T04:55:29.407,US500,TRADE,Trade closed,140284494251923,00000000-66d6-11cd-0493-972c0004511e,,-0.62,AED,PROCESSED,,,,
2026-09-30T00:54:58.251,2026-09-30T04:54:58.251,GOLD,TRADE,Trade closed,140284461745962,00000000-66d6-19b7-0493-972c0004511e,,0.91,AED,PROCESSED,,,,
2026-09-30T00:53:13.925,2026-09-30T04:53:13.925,US500,TRADE,Trade closed,140284351645224,00000000-66d6-1950-0493-972c0004511e,,0.03,AED,PROCESSED,,,,
2026-09-30T00:51:57.358,2026-09-30T04:51:57.358,BTCUSD,TRADE,Trade closed,140284271953271,00000000-66d6-135d-0493-972c0004511e,,0.0,AED,PROCESSED,,,,
2026-09-30T00:50:57.784,2026-09-30T04:50:57.784,SILVER,TRADE,Trade closed,140284209038370,00000000-66d6-0c12-0493-972c0004511e,,0.04,AED,PROCESSED,,,,
2026-09-30T00:50:56.750,2026-09-30T04:50:56.750,SILVER,TRADE,Trade closed,140284207989791,00000000-66d6-0ba6-0493-972c0004511e,,0.47,AED,PROCESSED,,,,
2026-09-30T00:46:12.366,2026-09-30T04:46:12.366,BTCUSD,TRADE,Trade closed,140283910193099,00000000-66d6-0bdc-0493-972c0004511e,,0.3,AED,PROCESSED,,,,
2026-09-30T00:46:11.371,2026-09-30T04:46:11.371,BTCUSD,TRADE,Trade closed,140283909144521,00000000-66d6-0b81-0493-972c0004511e,,1.32,AED,PROCESSED,,,,
2026-09-30T00:42:33.746,2026-09-30T04:42:33.746,PALLADIUM,TRADE,Trade closed,140283680554431,00000000-66d5-fb54-0493-972c0004511e,,-1.49,AED,PROCESSED,,,,
2026-09-30T00:42:33.746,2026-09-30T04:42:33.746,PALLADIUM,TRADE,Trade closed,140283680554430,00000000-66d5-fa4a-0493-972c0004511e,,-2.44,AED,PROCESSED,,,,
2026-09-30T00:42:33.746,2026-09-30T04:42:33.746,PALLADIUM,TRADE,Trade closed,140283680554432,00000000-66d5-fd48-0493-972c0004511e,,-4.46,AED,PROCESSED,,,,
2026-09-30T00:42:33.650,2026-09-30T04:42:33.650,OIL_CRUDE,TRADE,Trade closed,140283680554429,00000000-66d5-e08e-0493-972c0004511e,,-0.71,AED,PROCESSED,,,,
2026-09-30T00:42:33.650,2026-09-30T04:42:33.650,OIL_CRUDE,TRADE,Trade closed,140283680554428,00000000-66d5-dc38-0493-972c0004511e,,-1.09,AED,PROCESSED,,,,
2026-09-30T00:42:33.564,2026-09-30T04:42:33.564,SILVER,TRADE,Trade closed,140283680554422,00000000-66d5-f529-0493-972c0004511e,,-0.93,AED,PROCESSED,,,,
2026-09-30T00:42:33.564,2026-09-30T04:42:33.564,SILVER,TRADE,Trade closed,140283680554421,00000000-66d5-f2ec-0493-972c0004511e,,-4.45,AED,PROCESSED,,,,
2026-09-30T00:42:33.564,2026-09-30T04:42:33.564,SILVER,TRADE,Trade closed,140283680554423,00000000-66d5-f890-0493-972c0004511e,,-0.64,AED,PROCESSED,,,,
2026-09-30T00:42:33.564,2026-09-30T04:42:33.564,SILVER,TRADE,Trade closed,140283680554427,00000000-66d5-fd10-0493-972c0004511e,,-0.72,AED,PROCESSED,,,,
2026-09-30T00:42:33.564,2026-09-30T04:42:33.564,SILVER,TRADE,Trade closed,140283680554426,00000000-66d5-fb17-0493-972c0004511e,,-0.21,AED,PROCESSED,,,,
2026-09-30T00:42:33.564,2026-09-30T04:42:33.564,SILVER,TRADE,Trade closed,140283680554424,00000000-66d5-f945-0493-972c0004511e,,-0.78,AED,PROCESSED,,,,
2026-09-30T00:42:33.564,2026-09-30T04:42:33.564,SILVER,TRADE,Trade closed,140283680554425,00000000-66d5-fa18-0493-972c0004511e,,-0.36,AED,PROCESSED,,,,
2026-09-30T00:34:05.216,2026-09-30T04:34:05.216,GOLD,TRADE,Trade closed,140283147875728,00000000-66d5-fcef-0493-972c0004511e,,0.11,AED,PROCESSED,,,,
2026-09-30T00:31:29.942,2026-09-30T04:31:29.942,OIL_CRUDE,TRADE,Trade closed,140282984297183,00000000-66d5-e2f7-0493-972c0004511e,,-0.04,AED,PROCESSED,,,,
2026-09-30T00:31:28.924,2026-09-30T04:31:28.924,OIL_CRUDE,TRADE,Trade closed,140282983248604,00000000-66d5-f9a1-0493-972c0004511e,,0.04,AED,PROCESSED,,,,
2026-09-30T00:30:30.274,2026-09-30T04:30:30.274,OIL_CRUDE,TRADE,Trade closed,140282922430983,00000000-66d5-f902-0493-972c0004511e,,0.0,AED,PROCESSED,,,,
2026-09-30T00:29:02.863,2026-09-30T04:29:02.863,US100,TRADE,Trade closed,140282830156068,00000000-66d5-f38b-0493-972c0004511e,,-0.02,AED,PROCESSED,,,,
2026-09-30T00:26:23.687,2026-09-30T04:26:23.687,BTCUSD,TRADE,Trade closed,140282663432062,00000000-66d5-e3e6-0493-972c0004511e,,0.21,AED,PROCESSED,,,,
2026-09-30T00:22:11.893,2026-09-30T04:22:11.893,US500,TRADE,Trade closed,140282399190051,00000000-66d5-e3c5-0493-972c0004511e,,-1.26,AED,PROCESSED,,,,
2026-09-30T00:20:36.800,2026-09-30T04:20:36.800,US500,TRADE,Trade closed,140282299575003,00000000-66d5-e2a8-0493-972c0004511e,,-1.45,AED,PROCESSED,,,,
2026-09-30T00:19:02.497,2026-09-30T04:19:02.497,US100,TRADE,Trade closed,140282201008392,00000000-66d5-e393-0493-972c0004511e,,-1.45,AED,PROCESSED,,,,
2026-09-30T00:18:27.561,2026-09-30T04:18:27.561,US500,TRADE,Trade closed,140282164308111,00000000-66d5-dfcf-0493-972c0004511e,,-1.52,AED,PROCESSED,,,,
2026-09-30T00:18:27.561,2026-09-30T04:18:27.561,US500,TRADE,Trade closed,140282164308110,00000000-66d5-d549-0493-972c0004511e,,-1.58,AED,PROCESSED,,,,
2026-09-30T00:18:20.304,2026-09-30T04:18:20.304,US100,TRADE,Trade closed,140282156968042,00000000-66d5-e285-0493-972c0004511e,,-1.41,AED,PROCESSED,,,,
2026-09-30T00:18:20.096,2026-09-30T04:18:20.096,US100,TRADE,Trade closed,140282156968039,00000000-66d5-df5d-0493-972c0004511e,,-1.62,AED,PROCESSED,,,,
2026-09-30T00:18:11.381,2026-09-30T04:18:11.381,US100,TRADE,Trade closed,140282147530792,00000000-66d5-dd6a-0493-972c0004511e,,-1.37,AED,PROCESSED,,,,
2026-09-30T00:18:10.804,2026-09-30T04:18:10.804,US500,TRADE,Trade closed,140282146482210,00000000-66d5-d3f2-0493-972c0004511e,,-0.48,AED,PROCESSED,,,,
2026-09-30T00:18:10.748,2026-09-30T04:18:10.748,US100,TRADE,Trade closed,140282146482209,00000000-66d5-d389-0493-972c0004511e,,-0.48,AED,PROCESSED,,,,
2026-09-30T00:18:08.859,2026-09-30T04:18:08.859,US100,TRADE,Trade closed,140282144385043,00000000-66d5-d699-0493-972c0004511e,,-1.35,AED,PROCESSED,,,,
2026-09-30T00:16:53.735,2026-09-30T04:16:53.735,BTCUSD,TRADE,Trade closed,140282065741469,00000000-66d5-dda4-0493-972c0004511e,,-0.02,AED,PROCESSED,,,,
2026-09-30T00:16:09.255,2026-09-30T04:16:09.255,BTCUSD,TRADE,Trade closed,140282019603892,00000000-66d5-dda4-0493-972c0004511e,,-0.58,AED,PROCESSED,,,,
2026-09-30T00:16:09.255,2026-09-30T04:16:09.255,BTCUSD,TRADE,Trade closed,140282019603891,00000000-66d5-dc05-0493-972c0004511e,,-0.04,AED,PROCESSED,,,,
2026-09-30T00:15:34.318,2026-09-30T04:15:34.318,US500,TRADE,Trade closed,140281982903543,00000000-66d5-dd7d-0493-972c0004511e,,-0.03,AED,PROCESSED,,,,
2026-09-30T00:15:33.359,2026-09-30T04:15:33.359,US500,TRADE,Trade closed,140281981854965,00000000-66d5-d7b7-0493-972c0004511e,,0.04,AED,PROCESSED,,,,
2026-09-30T00:15:32.280,2026-09-30T04:15:32.280,US500,TRADE,Trade closed,140281980806387,00000000-66d5-d761-0493-972c0004511e,,0.04,AED,PROCESSED,,,,
2026-09-30T00:15:31.282,2026-09-30T04:15:31.282,US500,TRADE,Trade closed,140281979757810,00000000-66d5-d6bb-0493-972c0004511e,,-0.04,AED,PROCESSED,,,,
2026-09-30T00:15:30.272,2026-09-30T04:15:30.272,US500,TRADE,Trade closed,140281978709231,00000000-66d5-d61f-0493-972c0004511e,,0.08,AED,PROCESSED,,,,
2026-09-30T00:15:17.008,2026-09-30T04:15:17.008,BTCUSD,TRADE,Trade closed,140281965077709,00000000-66d5-dc05-0493-972c0004511e,,-0.36,AED,PROCESSED,,,,
2026-09-30T00:15:17.008,2026-09-30T04:15:17.008,BTCUSD,TRADE,Trade closed,140281965077708,00000000-66d5-d9b2-0493-972c0004511e,,-0.11,AED,PROCESSED,,,,
2026-09-30T00:14:24.879,2026-09-30T04:14:24.879,US100,TRADE,Trade closed,140281909503004,00000000-66d5-d79d-0493-972c0004511e,,0.08,AED,PROCESSED,,,,
2026-09-30T00:14:23.867,2026-09-30T04:14:23.867,US100,TRADE,Trade closed,140281908454425,00000000-66d5-d73d-0493-972c0004511e,,0.03,AED,PROCESSED,,,,
2026-09-30T00:14:21.609,2026-09-30T04:14:21.609,OIL_CRUDE,TRADE,Trade closed,140281906357265,00000000-66d5-ddb9-0493-972c0004511e,,0.02,AED,PROCESSED,,,,
2026-09-30T00:14:17.218,2026-09-30T04:14:17.218,US500,TRADE,Trade closed,140281902162934,00000000-66d5-dbca-0493-972c0004511e,,0.3,AED,PROCESSED,,,,
2026-09-30T00:14:16.141,2026-09-30T04:14:16.141,US500,TRADE,Trade closed,140281901114357,00000000-66d5-d971-0493-972c0004511e,,0.0,AED,PROCESSED,,,,
2026-09-30T00:14:13.413,2026-09-30T04:14:13.413,US100,TRADE,Trade closed,140281897968622,00000000-66d5-d957-0493-972c0004511e,,0.01,AED,PROCESSED,,,,
2026-09-30T00:13:51.806,2026-09-30T04:13:51.806,US100,TRADE,Trade closed,140281874899853,00000000-66d5-d60c-0493-972c0004511e,,0.11,AED,PROCESSED,,,,
2026-09-30T00:12:38.888,2026-09-30T04:12:38.888,US100,TRADE,Trade closed,140281798353608,00000000-66d5-dba0-0493-972c0004511e,,0.18,AED,PROCESSED,,,,
2026-09-30T00:11:51.519,2026-09-30T04:11:51.519,OIL_CRUDE,TRADE,Trade closed,140281749070387,00000000-66d5-d7ff-0493-972c0004511e,,0.24,AED,PROCESSED,,,,
2026-09-30T00:11:39.671,2026-09-30T04:11:39.671,BTCUSD,TRADE,Trade closed,140281736487425,00000000-66d5-d7de-0493-972c0004511e,,-1.49,AED,PROCESSED,,,,
2026-09-30T00:11:39.406,2026-09-30T04:11:39.406,BTCUSD,TRADE,Trade closed,140281736487422,00000000-66d5-d774-0493-972c0004511e,,-1.49,AED,PROCESSED,,,,
2026-09-30T00:10:02.029,2026-09-30T04:10:02.029,BTCUSD,TRADE,Trade closed,140281634775042,00000000-66d5-d6eb-0493-972c0004511e,,-1.45,AED,PROCESSED,,,,
2026-09-30T00:09:55.507,2026-09-30T04:09:55.507,BTCUSD,TRADE,Trade closed,140281627434982,00000000-66d5-d638-0493-972c0004511e,,-1.4,AED,PROCESSED,,,,
2026-09-30T00:09:55.178,2026-09-30T04:09:55.178,BTCUSD,TRADE,Trade closed,140281627434980,00000000-66d5-d569-0493-972c0004511e,,-1.57,AED,PROCESSED,,,,
2026-09-30T00:09:45.176,2026-09-30T04:09:45.176,BTCUSD,TRADE,Trade closed,140281616949196,00000000-66d5-d430-0493-972c0004511e,,-0.46,AED,PROCESSED,,,,
2026-09-30T00:07:11.511,2026-09-30T04:07:11.511,US100,TRADE,Trade closed,140281455467958,00000000-66d5-d528-0493-972c0004511e,,0.01,AED,PROCESSED,,,,
2026-09-30T00:06:01.629,2026-09-30T04:06:01.629,BTCUSD,TRADE,Trade closed,140281382066962,00000000-66d5-d05c-0493-972c0004511e,,0.34,AED,PROCESSED,,,,
2026-09-30T00:05:58.969,2026-09-30T04:05:58.969,US500,TRADE,Trade closed,140281378921205,00000000-66d5-cf74-0493-972c0004511e,,0.99,AED,PROCESSED,,,,
2026-09-30T00:05:57.970,2026-09-30T04:05:57.970,US500,TRADE,Trade closed,140281377872623,00000000-66d5-d030-0493-972c0004511e,,0.99,AED,PROCESSED,,,,
2026-09-30T00:05:56.917,2026-09-30T04:05:56.917,US500,TRADE,Trade closed,140281376824044,00000000-66d5-ce74-0493-972c0004511e,,3.77,AED,PROCESSED,,,,
2026-09-30T00:05:54.274,2026-09-30T04:05:54.274,US100,TRADE,Trade closed,140281374726881,00000000-66d5-ce42-0493-972c0004511e,,0.49,AED,PROCESSED,,,,
2026-09-30T00:05:39.643,2026-09-30T04:05:39.643,US100,TRADE,Trade closed,140281358998010,00000000-66d5-cf57-0493-972c0004511e,,0.33,AED,PROCESSED,,,,
2026-09-30T00:05:38.625,2026-09-30T04:05:38.625,US100,TRADE,Trade closed,140281357949430,00000000-66d5-d016-0493-972c0004511e,,0.56,AED,PROCESSED,,,,
2026-09-30T00:03:29.597,2026-09-30T04:03:29.597,US100,TRADE,Trade closed,140281222682312,00000000-66d5-cd48-0493-972c0004511e,,1.69,AED,PROCESSED,,,,
2026-09-29T23:58:55.990,2026-09-30T03:58:55.990,SILVER,TRADE,Trade closed,140280936419066,00000000-66d5-b25d-0493-972c0004511e,,-0.69,AED,PROCESSED,,,,
2026-09-29T23:58:55.990,2026-09-30T03:58:55.990,SILVER,TRADE,Trade closed,140280936419065,00000000-66d5-ab55-0493-972c0004511e,,-0.61,AED,PROCESSED,,,,
2026-09-29T23:58:55.990,2026-09-30T03:58:55.990,SILVER,TRADE,Trade closed,140280936419069,00000000-66d5-bdaa-0493-972c0004511e,,-0.17,AED,PROCESSED,,,,
2026-09-29T23:58:55.990,2026-09-30T03:58:55.990,SILVER,TRADE,Trade closed,140280936419070,00000000-66d5-c353-0493-972c0004511e,,-0.01,AED,PROCESSED,,,,
2026-09-29T23:58:55.990,2026-09-30T03:58:55.990,SILVER,TRADE,Trade closed,140280936419068,00000000-66d5-b961-0493-972c0004511e,,-0.14,AED,PROCESSED,,,,
2026-09-29T23:58:55.990,2026-09-30T03:58:55.990,SILVER,TRADE,Trade closed,140280936419067,00000000-66d5-b81d-0493-972c0004511e,,-0.21,AED,PROCESSED,,,,
2026-09-29T23:58:55.830,2026-09-30T03:58:55.830,US100,TRADE,Trade closed,140280935370487,00000000-66d5-c1e6-0493-972c0004511e,,-0.06,AED,PROCESSED,,,,
2026-09-29T23:58:55.830,2026-09-30T03:58:55.830,US100,TRADE,Trade closed,140280935370488,00000000-66d5-c391-0493-972c0004511e,,-0.01,AED,PROCESSED,,,,
2026-09-29T23:58:55.830,2026-09-30T03:58:55.830,US100,TRADE,Trade closed,140280935370485,00000000-66d5-b33b-0493-972c0004511e,,-0.08,AED,PROCESSED,,,,
2026-09-29T23:58:55.830,2026-09-30T03:58:55.830,US100,TRADE,Trade closed,140280935370486,00000000-66d5-bd20-0493-972c0004511e,,-0.08,AED,PROCESSED,,,,
2026-09-29T23:58:55.830,2026-09-30T03:58:55.830,US100,TRADE,Trade closed,140280935370483,00000000-66d5-a8cd-0493-972c0004511e,,-0.81,AED,PROCESSED,,,,
2026-09-29T23:58:55.830,2026-09-30T03:58:55.830,US100,TRADE,Trade closed,140280935370484,00000000-66d5-b2a2-0493-972c0004511e,,-0.59,AED,PROCESSED,,,,
2026-09-29T23:58:55.673,2026-09-30T03:58:55.673,US500,TRADE,Trade closed,140280935370477,00000000-66d5-bd46-0493-972c0004511e,,-0.16,AED,PROCESSED,,,,
2026-09-29T23:58:55.673,2026-09-30T03:58:55.673,US500,TRADE,Trade closed,140280935370479,00000000-66d5-c310-0493-972c0004511e,,-0.07,AED,PROCESSED,,,,
2026-09-29T23:58:55.673,2026-09-30T03:58:55.673,US500,TRADE,Trade closed,140280935370481,00000000-66d5-c3ba-0493-972c0004511e,,-0.13,AED,PROCESSED,,,,
2026-09-29T23:58:55.673,2026-09-30T03:58:55.673,US500,TRADE,Trade closed,140280935370478,00000000-66d5-c217-0493-972c0004511e,,-0.1,AED,PROCESSED,,,,
2026-09-29T23:58:55.553,2026-09-30T03:58:55.553,GOLD,TRADE,Trade closed,140280935370475,00000000-66d5-bd8d-0493-972c0004511e,,-0.15,AED,PROCESSED,,,,
2026-09-29T23:58:55.553,2026-09-30T03:58:55.553,GOLD,TRADE,Trade closed,140280935370476,00000000-66d5-c48d-0493-972c0004511e,,-0.02,AED,PROCESSED,,,,
2026-09-29T23:58:06.142,2026-09-30T03:58:06.142,GOLD,TRADE,Trade closed,140280883990053,00000000-66d5-c32f-0493-972c0004511e,,0.24,AED,PROCESSED,,,,
2026-09-29T23:57:34.217,2026-09-30T03:57:34.217,US100,TRADE,Trade closed,140280850435496,00000000-66d5-c2ec-0493-972c0004511e,,0.11,AED,PROCESSED,,,,
2026-09-29T23:56:01.227,2026-09-30T03:56:01.227,SILVER,TRADE,Trade closed,140280752917537,00000000-66d5-ac18-0493-972c0004511e,,-1.47,AED,PROCESSED,,,,
2026-09-29T23:56:00.101,2026-09-30T03:56:00.101,SILVER,TRADE,Trade closed,140280751868957,00000000-66d5-b106-0493-972c0004511e,,-1.45,AED,PROCESSED,,,,
2026-09-29T23:55:52.660,2026-09-30T03:55:52.660,US100,TRADE,Trade closed,140280743480236,00000000-66d5-a7fe-0493-972c0004511e,,-0.24,AED,PROCESSED,,,,
2026-09-29T23:55:52.424,2026-09-30T03:55:52.424,US500,TRADE,Trade closed,140280743480212,00000000-66d5-ae5e-0493-972c0004511e,,-1.66,AED,PROCESSED,,,,
2026-09-29T23:55:52.424,2026-09-30T03:55:52.424,US500,TRADE,Trade closed,140280743480213,00000000-66d5-b2c7-0493-972c0004511e,,-1.66,AED,PROCESSED,,,,
2026-09-29T23:55:52.424,2026-09-30T03:55:52.424,US500,TRADE,Trade closed,140280743480214,00000000-66d5-b34c-0493-972c0004511e,,-0.31,AED,PROCESSED,,,,
2026-09-29T23:55:52.251,2026-09-30T03:55:52.251,US100,TRADE,Trade closed,140280743480176,00000000-66d5-a771-0493-972c0004511e,,-1.49,AED,PROCESSED,,,,
2026-09-29T23:55:15.314,2026-09-30T03:55:15.314,US500,TRADE,Trade closed,140280704682636,00000000-66d5-a8e0-0493-972c0004511e,,-1.45,AED,PROCESSED,,,,
2026-09-29T23:54:59.646,2026-09-30T03:54:59.646,BTCUSD,TRADE,Trade closed,140280687905248,00000000-66d5-bd62-0493-972c0004511e,,0.02,AED,PROCESSED,,,,
2026-09-29T23:50:49.524,2026-09-30T03:50:49.524,US100,TRADE,Trade closed,140280425760074,00000000-66d5-b860-0493-972c0004511e,,-0.01,AED,PROCESSED,,,,
2026-09-29T23:50:47.024,2026-09-30T03:50:47.024,US100,TRADE,Trade closed,140280423662918,00000000-66d5-b916-0493-972c0004511e,,0.0,AED,PROCESSED,,,,
2026-09-29T23:50:33.012,2026-09-30T03:50:33.012,US500,TRADE,Trade closed,140280408982820,00000000-66d5-bab9-0493-972c0004511e,,0.03,AED,PROCESSED,,,,
2026-09-29T23:50:17.525,2026-09-30T03:50:17.525,US100,TRADE,Trade closed,140280392205566,00000000-66d5-ba8a-0493-972c0004511e,,0.04,AED,PROCESSED,,,,
2026-09-29T23:49:03.454,2026-09-30T03:49:03.454,US500,TRADE,Trade closed,140280314610636,00000000-66d5-a812-0493-972c0004511e,,-0.26,AED,PROCESSED,,,,
2026-09-29T23:48:01.854,2026-09-30T03:48:01.854,US500,TRADE,Trade closed,140280249598647,00000000-66d5-a78b-0493-972c0004511e,,-1.25,AED,PROCESSED,,,,
2026-09-29T23:45:38.311,2026-09-30T03:45:38.311,SILVER,TRADE,Trade closed,140280099651548,00000000-66d5-a4ac-0493-972c0004511e,,-1.57,AED,PROCESSED,,,,
2026-09-29T23:45:19.460,2026-09-30T03:45:19.460,SILVER,TRADE,Trade closed,140280079728476,00000000-66d5-a45c-0493-972c0004511e,,-1.5,AED,PROCESSED,,,,
2026-09-29T23:43:46.783,2026-09-30T03:43:46.783,BTCUSD,TRADE,Trade closed,140279982210547,00000000-66d5-ae8b-0493-972c0004511e,,0.54,AED,PROCESSED,,,,
2026-09-29T23:43:42.737,2026-09-30T03:43:42.737,US100,TRADE,Trade closed,140279978016238,00000000-66d5-ae3e-0493-972c0004511e,,0.09,AED,PROCESSED,,,,
2026-09-29T23:42:38.485,2026-09-30T03:42:38.485,US500,TRADE,Trade closed,140279910907295,00000000-66d5-ab1b-0493-972c0004511e,,0.04,AED,PROCESSED,,,,
2026-09-29T23:41:10.209,2026-09-30T03:41:10.209,US500,TRADE,Trade closed,140279818632320,00000000-66d5-ac6d-0493-972c0004511e,,-0.04,AED,PROCESSED,,,,
2026-09-29T23:41:09.202,2026-09-30T03:41:09.202,US500,TRADE,Trade closed,140279817583737,00000000-66d5-abd3-0493-972c0004511e,,0.08,AED,PROCESSED,,,,
2026-09-29T23:40:31.114,2026-09-30T03:40:31.114,US100,TRADE,Trade closed,140279777737759,00000000-66d5-ac53-0493-972c0004511e,,0.1,AED,PROCESSED,,,,
2026-09-29T23:40:30.114,2026-09-30T03:40:30.114,US100,TRADE,Trade closed,140279776689181,00000000-66d5-aba8-0493-972c0004511e,,0.05,AED,PROCESSED,,,,
2026-09-29T23:40:29.102,2026-09-30T03:40:29.102,US100,TRADE,Trade closed,140279775640602,00000000-66d5-aad3-0493-972c0004511e,,0.0,AED,PROCESSED,,,,
2026-09-29T23:38:17.357,2026-09-30T03:38:17.357,US500,TRADE,Trade closed,140279637228303,00000000-66d5-9f71-0493-972c0004511e,,-1.49,AED,PROCESSED,,,,
2026-09-29T23:38:15.317,2026-09-30T03:38:15.317,US100,TRADE,Trade closed,140279635131139,00000000-66d5-a4ec-0493-972c0004511e,,-4.62,AED,PROCESSED,,,,
2026-09-29T23:38:04.068,2026-09-30T03:38:04.068,US500,TRADE,Trade closed,140279623596768,00000000-66d5-a50b-0493-972c0004511e,,-1.21,AED,PROCESSED,,,,
2026-09-29T23:38:04.068,2026-09-30T03:38:04.068,US500,TRADE,Trade closed,140279623596765,00000000-66d5-a33f-0493-972c0004511e,,-1.32,AED,PROCESSED,,,,
2026-09-29T23:38:04.068,2026-09-30T03:38:04.068,US500,TRADE,Trade closed,140279623596767,00000000-66d5-a482-0493-972c0004511e,,-1.45,AED,PROCESSED,,,,
2026-09-29T23:38:04.068,2026-09-30T03:38:04.068,US500,TRADE,Trade closed,140279623596766,00000000-66d5-a3ec-0493-972c0004511e,,-1.45,AED,PROCESSED,,,,
2026-09-29T23:36:16.410,2026-09-30T03:36:16.410,US500,TRADE,Trade closed,140279510350409,00000000-66d5-99d6-0493-972c0004511e,,-1.66,AED,PROCESSED,,,,
2026-09-29T23:36:16.410,2026-09-30T03:36:16.410,US500,TRADE,Trade closed,140279510350408,00000000-66d5-95fd-0493-972c0004511e,,-1.43,AED,PROCESSED,,,,
2026-09-29T23:35:16.654,2026-09-30T03:35:16.654,US500,TRADE,Trade closed,140279447435549,00000000-66d5-9bec-0493-972c0004511e,,-1.12,AED,PROCESSED,,,,
2026-09-29T23:35:14.367,2026-09-30T03:35:14.367,US500,TRADE,Trade closed,140279445338378,00000000-66d5-9a84-0493-972c0004511e,,-1.58,AED,PROCESSED,,,,
2026-09-29T23:35:14.367,2026-09-30T03:35:14.367,US500,TRADE,Trade closed,140279445338379,00000000-66d5-9b4a-0493-972c0004511e,,-1.58,AED,PROCESSED,,,,
2026-09-29T23:32:25.194,2026-09-30T03:32:25.194,SILVER,TRADE,Trade closed,140279268128669,00000000-66d5-a304-0493-972c0004511e,,0.11,AED,PROCESSED,,,,
2026-09-29T23:32:24.191,2026-09-30T03:32:24.191,SILVER,TRADE,Trade closed,140279267080090,00000000-66d5-9adf-0493-972c0004511e,,0.18,AED,PROCESSED,,,,
2026-09-29T23:32:23.188,2026-09-30T03:32:23.188,SILVER,TRADE,Trade closed,140279266031511,00000000-66d5-9a30-0493-972c0004511e,,0.24,AED,PROCESSED,,,,
2026-09-29T23:32:12.469,2026-09-30T03:32:12.469,US500,TRADE,Trade closed,140279254497122,00000000-66d5-a149-0493-972c0004511e,,0.0,AED,PROCESSED,,,,
2026-09-29T23:32:01.036,2026-09-30T03:32:01.036,SILVER,TRADE,Trade closed,140279242962705,00000000-66d5-a0e5-0493-972c0004511e,,0.05,AED,PROCESSED,,,,
2026-09-29T23:32:00.020,2026-09-30T03:32:00.020,SILVER,TRADE,Trade closed,140279241914125,00000000-66d5-9b9b-0493-972c0004511e,,0.22,AED,PROCESSED,,,,
2026-09-29T23:31:59.013,2026-09-30T03:31:59.013,SILVER,TRADE,Trade closed,140279240865548,00000000-66d5-9966-0493-972c0004511e,,0.27,AED,PROCESSED,,,,
2026-09-29T23:31:24.320,2026-09-30T03:31:24.320,OIL_CRUDE,TRADE,Trade closed,140279204165180,00000000-66d5-a15e-0493-972c0004511e,,0.97,AED,PROCESSED,,,,
2026-09-29T23:29:14.898,2026-09-30T03:29:14.898,OIL_CRUDE,TRADE,Trade closed,140279067850031,00000000-66d5-9f8a-0493-972c0004511e,,0.1,AED,PROCESSED,,,,
2026-09-29T23:27:07.578,2026-09-30T03:27:07.578,SILVER,TRADE,Trade closed,140278934680543,00000000-66d5-8b70-0493-972c0004511e,,-0.28,AED,PROCESSED,,,,
2026-09-29T23:22:55.250,2026-09-30T03:22:55.250,US500,TRADE,Trade closed,140278670438884,00000000-66d5-8d5e-0493-972c0004511e,,0.28,AED,PROCESSED,,,,
2026-09-29T23:21:56.654,2026-09-30T03:21:56.654,US100,TRADE,Trade closed,140278608572702,00000000-66d5-95ce-0493-972c0004511e,,0.72,AED,PROCESSED,,,,
2026-09-29T23:21:32.890,2026-09-30T03:21:32.890,BTCUSD,TRADE,Trade closed,140278583406828,00000000-66d5-8dcc-0493-972c0004511e,,0.01,AED,PROCESSED,,,,
2026-09-29T23:21:25.807,2026-09-30T03:21:25.807,BTCUSD,TRADE,Trade closed,140278576066768,00000000-66d5-961f-0493-972c0004511e,,0.17,AED,PROCESSED,,,,
2026-09-29T23:19:18.353,2026-09-30T03:19:18.353,US100,TRADE,Trade closed,140278442897353,00000000-66d5-8cc8-0493-972c0004511e,,0.16,AED,PROCESSED,,,,
2026-09-29T23:09:27.109,2026-09-30T03:09:27.109,GOLD,TRADE,Trade closed,140277823187272,00000000-66d5-71d7-0493-972c0004511e,,-3.71,AED,PROCESSED,,,,
2026-09-29T23:09:27.109,2026-09-30T03:09:27.109,GOLD,TRADE,Trade closed,140277823187273,00000000-66d5-7b4d-0493-972c0004511e,,-0.33,AED,PROCESSED,,,,
2026-09-29T23:09:27.042,2026-09-30T03:09:27.042,SILVER,TRADE,Trade closed,140277823187271,00000000-66d5-7b75-0493-972c0004511e,,-0.51,AED,PROCESSED,,,,
2026-09-29T23:09:27.042,2026-09-30T03:09:27.042,SILVER,TRADE,Trade closed,140277823187270,00000000-66d5-71ea-0493-972c0004511e,,-3.92,AED,PROCESSED,,,,
2026-09-29T23:09:26.931,2026-09-30T03:09:26.931,US100,TRADE,Trade closed,140277822138692,00000000-66d5-71a1-0493-972c0004511e,,-0.43,AED,PROCESSED,,,,
2026-09-29T23:09:26.931,2026-09-30T03:09:26.931,US100,TRADE,Trade closed,140277822138693,00000000-66d5-7c21-0493-972c0004511e,,-0.35,AED,PROCESSED,,,,
2026-09-29T23:06:51.945,2026-09-30T03:06:51.945,BTCUSD,TRADE,Trade closed,140277659609105,00000000-66d5-7c53-0493-972c0004511e,,-1.2,AED,PROCESSED,,,,
2026-09-29T23:04:48.505,2026-09-30T03:04:48.505,BTCUSD,TRADE,Trade closed,140277530633980,00000000-66d5-749d-0493-972c0004511e,,-1.09,AED,PROCESSED,,,,
2026-09-29T23:03:52.142,2026-09-30T03:03:52.142,US100,TRADE,Trade closed,140277471913629,00000000-66d5-7154-0493-972c0004511e,,0.02,AED,PROCESSED,,,,
2026-09-29T23:02:53.061,2026-09-30T03:02:53.061,US100,TRADE,Trade closed,140277410047565,00000000-66d5-712b-0493-972c0004511e,,0.01,AED,PROCESSED,,,,
2026-09-29T23:02:52.016,2026-09-30T03:02:52.016,US100,TRADE,Trade closed,140277408998988,00000000-66d5-70f0-0493-972c0004511e,,0.04,AED,PROCESSED,,,,
2026-09-29T22:59:35.487,2026-09-30T02:59:35.487,US100,TRADE,Trade closed,140277202429002,00000000-66d5-7480-0493-972c0004511e,,0.0,AED,PROCESSED,,,,
2026-09-29T22:55:43.016,2026-09-30T02:55:43.016,US100,TRADE,Trade closed,140276959158936,00000000-66d5-70b6-0493-972c0004511e,,0.0,AED,PROCESSED,,,,
2026-09-29T22:38:37.834,2026-09-30T02:38:37.834,US100,TRADE,Trade closed,140275883317589,00000000-66d5-5d0b-0493-972c0004511e,,-0.19,AED,PROCESSED,,,,
2026-09-29T22:38:37.834,2026-09-30T02:38:37.834,US100,TRADE,Trade closed,140275883317594,00000000-66d5-5fba-0493-972c0004511e,,-0.12,AED,PROCESSED,,,,
2026-09-29T22:38:37.834,2026-09-30T02:38:37.834,US100,TRADE,Trade closed,140275883317590,00000000-66d5-5e09-0493-972c0004511e,,-0.2,AED,PROCESSED,,,,
2026-09-29T22:38:37.834,2026-09-30T02:38:37.834,US100,TRADE,Trade closed,140275883317585,00000000-66d5-5a80-0493-972c0004511e,,-0.49,AED,PROCESSED,,,,
2026-09-29T22:38:37.834,2026-09-30T02:38:37.834,US100,TRADE,Trade closed,140275883317593,00000000-66d5-5f63-0493-972c0004511e,,-0.15,AED,PROCESSED,,,,
2026-09-29T22:38:37.834,2026-09-30T02:38:37.834,US100,TRADE,Trade closed,140275883317584,00000000-66d5-5a2d-0493-972c0004511e,,-0.37,AED,PROCESSED,,,,
2026-09-29T22:38:37.834,2026-09-30T02:38:37.834,US100,TRADE,Trade closed,140275883317591,00000000-66d5-5e8f-0493-972c0004511e,,-0.23,AED,PROCESSED,,,,
2026-09-29T22:38:37.834,2026-09-30T02:38:37.834,US100,TRADE,Trade closed,140275883317588,00000000-66d5-5c90-0493-972c0004511e,,-0.43,AED,PROCESSED,,,,
2026-09-29T22:38:37.834,2026-09-30T02:38:37.834,US100,TRADE,Trade closed,140275883317587,00000000-66d5-5b89-0493-972c0004511e,,-0.37,AED,PROCESSED,,,,
2026-09-29T22:38:37.834,2026-09-30T02:38:37.834,US100,TRADE,Trade closed,140275883317586,00000000-66d5-5ad3-0493-972c0004511e,,-0.42,AED,PROCESSED,,,,
2026-09-29T22:38:37.834,2026-09-30T02:38:37.834,US100,TRADE,Trade closed,140275883317592,00000000-66d5-5ee9-0493-972c0004511e,,-0.17,AED,PROCESSED,,,,
2026-09-29T22:30:28.803,2026-09-30T02:30:28.803,US100,TRADE,Trade closed,140275370561174,00000000-66d5-5b1b-0493-972c0004511e,,0.01,AED,PROCESSED,,,,
2026-09-29T22:30:26.781,2026-09-30T02:30:26.781,US100,TRADE,Trade closed,140275368464019,00000000-66d5-5bd8-0493-972c0004511e,,-0.01,AED,PROCESSED,,,,
2026-09-29T22:28:38.091,2026-09-30T02:28:38.091,US100,TRADE,Trade closed,140275255217295,00000000-66d5-4f01-0493-972c0004511e,,0.01,AED,PROCESSED,,,,
2026-09-29T22:28:18.468,2026-09-30T02:28:18.468,US100,TRADE,Trade closed,140275234245610,00000000-66d5-4f01-0493-972c0004511e,,-0.07,AED,PROCESSED,,,,
2026-09-29T22:27:57.409,2026-09-30T02:27:57.409,US100,TRADE,Trade closed,140275212225464,00000000-66d5-4f01-0493-972c0004511e,,-0.05,AED,PROCESSED,,,,
2026-09-29T22:27:39.803,2026-09-30T02:27:39.803,US100,TRADE,Trade closed,140275193351029,00000000-66d5-4f01-0493-972c0004511e,,-0.1,AED,PROCESSED,,,,
2026-09-29T22:27:22.288,2026-09-30T02:27:22.288,US100,TRADE,Trade closed,140275175525097,00000000-66d5-4f01-0493-972c0004511e,,-0.24,AED,PROCESSED,,,,
2026-09-29T22:26:57.853,2026-09-30T02:26:57.853,US100,TRADE,Trade closed,140275149310613,00000000-66d5-4f01-0493-972c0004511e,,-0.26,AED,PROCESSED,,,,
2026-09-29T22:06:14.955,2026-09-30T02:06:14.955,SILVER,TRADE,Trade closed,140273846057975,00000000-66d3-c321-0493-972c0004511e,,-10.15,AED,PROCESSED,,,,
2026-09-29T21:49:55.391,2026-09-30T01:49:55.391,US500,TRADE,Trade closed,140272819495218,00000000-66d5-2cd2-0493-972c0004511e,,-0.06,AED,PROCESSED,,,,
2026-09-29T21:49:55.338,2026-09-30T01:49:55.338,GBPJPY,TRADE,Trade closed,140272819495217,00000000-66d5-2c11-0493-972c0004511e,,-5.32,AED,PROCESSED,,,,
2026-09-29T21:45:51.852,2026-09-30T01:45:51.852,US500,TRADE,Trade closed,140272563642538,00000000-66d3-a6f2-0493-972c0004511e,,-1.78,AED,PROCESSED,,,,
2026-09-29T21:45:51.799,2026-09-30T01:45:51.799,USDJPY,TRADE,Trade closed,140272563642537,00000000-66d5-123b-0493-972c0004511e,,-2.91,AED,PROCESSED,,,,
2026-09-29T21:05:01.873,2026-09-30T01:05:01.873,EURUSD,TRADE,Trade closed,140269994623893,00000000-66d3-a690-0493-972c0004511e,,-1.31,AED,PROCESSED,,,,
2026-09-29T20:54:52.536,2026-09-30T00:54:52.536,US100,TRADE,Trade closed,140269355933296,00000000-66d3-d05e-0493-972c0004511e,,0.0,AED,PROCESSED,,,,
2026-09-29T20:54:52.536,2026-09-30T00:54:52.536,US100,TRADE,Trade closed,140269355933295,00000000-66d3-bee4-0493-972c0004511e,,0.87,AED,PROCESSED,,,,
2026-09-29T20:54:49.611,2026-09-30T00:54:49.611,USDJPY,TRADE,Trade closed,140269352787552,00000000-66d3-a6b0-0493-972c0004511e,,1.03,AED,PROCESSED,,,,
2026-09-29T20:42:14.607,2026-09-30T00:42:14.607,SILVER,TRADE,Trade closed,140268561108147,00000000-66d3-6fae-0493-972c0004511e,,-10.33,AED,PROCESSED,,,,
2026-09-29T20:40:04.174,2026-09-30T00:40:04.174,US100,TRADE,Trade closed,140268424791726,00000000-66d3-a6d1-0493-972c0004511e,,-2.87,AED,PROCESSED,,,,
2026-09-29T20:20:19.122,2026-09-30T00:20:19.122,EURUSD,TRADE,Trade closed,140267182352665,00000000-66d3-6f07-0493-972c0004511e,,1.5,AED,PROCESSED,,,,
2026-09-29T20:18:04.536,2026-09-30T00:18:04.536,GOLD,TRADE,Trade closed,140267040794412,00000000-66d3-6f49-0493-972c0004511e,,1.46,AED,PROCESSED,,,,
2026-09-29T20:01:54.168,2026-09-30T00:01:54.168,USDJPY,TRADE,Trade closed,140266023670904,00000000-66d3-6f54-0493-972c0004511e,,1.47,AED,PROCESSED,,,,
2026-09-29T19:52:12.629,2026-09-29T23:52:12.629,GOLD,TRADE,Trade closed,140265413354454,00000000-66d3-6006-0493-972c0004511e,,-0.65,AED,PROCESSED,,,,
2026-09-29T19:52:12.572,2026-09-29T23:52:12.572,US100,TRADE,Trade closed,140265413354452,00000000-66d3-6369-0493-972c0004511e,,2.86,AED,PROCESSED,,,,
2026-09-29T19:52:12.523,2026-09-29T23:52:12.523,US500,TRADE,Trade closed,140265413354451,00000000-66d3-63bd-0493-972c0004511e,,0.76,AED,PROCESSED,,,,
2026-09-29T19:47:41.224,2026-09-29T23:47:41.224,USDJPY,TRADE,Trade closed,140265129188971,00000000-66d3-1fdf-0493-972c0004511e,,-4.22,AED,PROCESSED,,,,
2026-09-29T19:47:41.167,2026-09-29T23:47:41.167,GOLD,TRADE,Trade closed,140265129188970,00000000-66d3-504e-0493-972c0004511e,,-0.42,AED,PROCESSED,,,,
2026-09-29T19:47:41.115,2026-09-29T23:47:41.115,SILVER,TRADE,Trade closed,140265129188968,00000000-66d3-5085-0493-972c0004511e,,-0.96,AED,PROCESSED,,,,
2026-09-29T19:47:41.064,2026-09-29T23:47:41.064,EURUSD,TRADE,Trade closed,140265129188967,00000000-66d3-4f88-0493-972c0004511e,,-3.5,AED,PROCESSED,,,,
2026-09-29T19:47:41.011,2026-09-29T23:47:41.011,GBPUSD,TRADE,Trade closed,140265129188965,00000000-66d2-f53c-0493-972c0004511e,,-0.21,AED,PROCESSED,,,,
2026-09-29T19:40:06.751,2026-09-29T23:40:06.751,GOLD,TRADE,Trade closed,140264652083588,00000000-66d3-38dc-0493-972c0004511e,,1.88,AED,PROCESSED,,,,
2026-09-29T19:09:13.140,2026-09-29T23:09:13.140,USDJPY,TRADE,Trade closed,140262709061334,00000000-66d2-c107-0493-972c0004511e,,0.21,AED,PROCESSED,,,,
2026-09-29T19:09:13.140,2026-09-29T23:09:13.140,USDJPY,TRADE,Trade closed,140262709061338,00000000-66d2-cae7-0493-972c0004511e,,0.26,AED,PROCESSED,,,,
2026-09-29T19:09:13.140,2026-09-29T23:09:13.140,USDJPY,TRADE,Trade closed,140262709061330,00000000-66d2-2f63-0493-972c0004511e,,0.53,AED,PROCESSED,,,,
2026-09-29T19:09:13.140,2026-09-29T23:09:13.140,USDJPY,TRADE,Trade closed,140262709061339,00000000-66d2-cb9a-0493-972c0004511e,,0.32,AED,PROCESSED,,,,
2026-09-29T19:09:13.140,2026-09-29T23:09:13.140,USDJPY,TRADE,Trade closed,140262709061341,00000000-66d2-f1bb-0493-972c0004511e,,-0.11,AED,PROCESSED,,,,
2026-09-29T19:09:13.140,2026-09-29T23:09:13.140,USDJPY,TRADE,Trade closed,140262709061331,00000000-66d2-6cd2-0493-972c0004511e,,0.95,AED,PROCESSED,,,,
2026-09-29T19:09:13.140,2026-09-29T23:09:13.140,USDJPY,TRADE,Trade closed,140262709061342,00000000-66d2-f2cd-0493-972c0004511e,,-0.06,AED,PROCESSED,,,,
2026-09-29T19:09:13.140,2026-09-29T23:09:13.140,USDJPY,TRADE,Trade closed,140262709061333,00000000-66d2-c03f-0493-972c0004511e,,0.22,AED,PROCESSED,,,,
2026-09-29T19:09:13.140,2026-09-29T23:09:13.140,USDJPY,TRADE,Trade closed,140262709061332,00000000-66d2-be5c-0493-972c0004511e,,0.18,AED,PROCESSED,,,,
2026-09-29T19:09:13.140,2026-09-29T23:09:13.140,USDJPY,TRADE,Trade closed,140262709061335,00000000-66d2-c88a-0493-972c0004511e,,0.01,AED,PROCESSED,,,,
2026-09-29T19:09:13.140,2026-09-29T23:09:13.140,USDJPY,TRADE,Trade closed,140262709061340,00000000-66d2-cc57-0493-972c0004511e,,0.34,AED,PROCESSED,,,,
2026-09-29T19:09:13.140,2026-09-29T23:09:13.140,USDJPY,TRADE,Trade closed,140262709061336,00000000-66d2-c973-0493-972c0004511e,,0.18,AED,PROCESSED,,,,
2026-09-29T18:38:54.587,2026-09-29T22:38:54.587,AUDUSD,TRADE,Trade closed,140260801682369,00000000-66d1-b9d2-0493-972c0004511e,,-1.96,AED,PROCESSED,,,,
2026-09-29T18:38:33.762,2026-09-29T22:38:33.762,AUDUSD,TRADE,Trade closed,140260779661641,00000000-66d1-7836-0493-972c0004511e,,-1.93,AED,PROCESSED,,,,
2026-09-29T18:22:05.818,2026-09-29T22:22:05.818,AUDUSD,TRADE,Trade closed,140259743654854,00000000-66d1-d4bd-0493-972c0004511e,,-1.98,AED,PROCESSED,,,,
2026-09-29T18:22:05.818,2026-09-29T22:22:05.818,AUDUSD,TRADE,Trade closed,140259743654855,00000000-66d2-8ae8-0493-972c0004511e,,-2.05,AED,PROCESSED,,,,
2026-09-29T18:06:54.475,2026-09-29T22:06:54.475,AUDUSD,TRADE,Trade closed,140258788389015,00000000-66d2-2f34-0493-972c0004511e,,-0.72,AED,PROCESSED,,,,
2026-09-29T18:05:25.874,2026-09-29T22:05:25.874,AUDUSD,TRADE,Trade closed,140258695064268,00000000-66d2-6c78-0493-972c0004511e,,-1.02,AED,PROCESSED,,,,
2026-09-29T18:04:57.075,2026-09-29T22:04:57.075,AUDUSD,TRADE,Trade closed,140258665703388,00000000-66d2-2583-0493-972c0004511e,,-0.37,AED,PROCESSED,,,,
2026-09-29T18:02:37.020,2026-09-29T22:02:37.020,GBPUSD,TRADE,Trade closed,140258518899273,00000000-6685-195b-0493-972c0004511e,,-9.11,AED,PROCESSED,,,,
2026-09-29T18:02:11.801,2026-09-29T22:02:11.801,EURUSD,TRADE,Trade closed,140258491635660,00000000-66d2-2f0b-0493-972c0004511e,,-0.43,AED,PROCESSED,,,,
2026-09-29T18:02:07.061,2026-09-29T22:02:07.061,GBPUSD,TRADE,Trade closed,140258487441086,00000000-66d1-9aff-0493-972c0004511e,,-1.56,AED,PROCESSED,,,,
2026-09-29T17:46:11.737,2026-09-29T21:46:11.737,EURUSD,TRADE,Trade closed,140257485120179,00000000-66d1-d3e6-0493-972c0004511e,,3.03,AED,PROCESSED,,,,
2026-09-29T17:04:55.755,2026-09-29T21:04:55.755,AUDUSD,TRADE,Trade closed,140254888830057,00000000-66d1-94cd-0493-972c0004511e,,1.29,AED,PROCESSED,,,,
2026-09-29T15:47:41.561,2026-09-29T19:47:41.561,USDJPY,TRADE,Trade closed,140250029683417,00000000-6685-17ce-0493-972c0004511e,,-1.07,AED,PROCESSED,,,,
2026-09-29T15:47:22.604,2026-09-29T19:47:22.604,AUDUSD,TRADE,Trade closed,140250009759130,00000000-6684-cf23-0493-972c0004511e,,0.57,AED,PROCESSED,,,,
2026-09-29T15:31:48.352,2026-09-29T19:31:48.352,USDJPY,TRADE,Trade closed,140249030376468,00000000-6684-cfa8-0493-972c0004511e,,1.82,AED,PROCESSED,,,,
2026-09-29T15:28:13.733,2026-09-29T19:28:13.733,EURUSD,TRADE,Trade closed,140248804927496,00000000-6685-1913-0493-972c0004511e,,1.52,AED,PROCESSED,,,,
2026-09-29T15:10:39.397,2026-09-29T19:10:39.397,AUDUSD,TRADE,Trade closed,140247699711104,00000000-6684-bb31-0493-972c0004511e,,4.66,AED,PROCESSED,,,,
2026-09-29T15:10:11.908,2026-09-29T19:10:11.908,GBPUSD,TRADE,Trade closed,140247670350709,00000000-6684-cec6-0493-972c0004511e,,2.58,AED,PROCESSED,,,,
2026-09-29T13:55:47.983,2026-09-29T17:55:47.983,GBPUSD,TRADE,Trade closed,140242989569434,00000000-6683-d743-0493-972c0004511e,,-5.22,AED,PROCESSED,,,,
2026-09-29T13:55:47.924,2026-09-29T17:55:47.924,EURUSD,TRADE,Trade closed,140242989569433,00000000-6683-d6b8-0493-972c0004511e,,-0.37,AED,PROCESSED,,,,
2026-09-29T13:55:47.871,2026-09-29T17:55:47.871,AUDUSD,TRADE,Trade closed,140242989569432,00000000-6683-d7a2-0493-972c0004511e,,-0.68,AED,PROCESSED,,,,
2026-09-29T13:55:47.871,2026-09-29T17:55:47.871,AUDUSD,TRADE,Trade closed,140242989569431,00000000-6683-9afc-0493-972c0004511e,,-2.53,AED,PROCESSED,,,,
2026-09-29T13:37:48.624,2026-09-29T17:37:48.624,EURUSD,TRADE,Trade closed,140241858134981,00000000-6683-a6ef-0493-972c0004511e,,1.19,AED,PROCESSED,,,,
2026-09-29T13:10:56.135,2026-09-29T17:10:56.135,USDJPY,TRADE,Trade closed,140240167807109,00000000-6683-892d-0493-972c0004511e,,-1.01,AED,PROCESSED,,,,
2026-09-29T13:10:56.076,2026-09-29T17:10:56.076,GBPUSD,TRADE,Trade closed,140240167807108,00000000-6683-88c5-0493-972c0004511e,,-1.52,AED,PROCESSED,,,,
2026-09-29T13:04:46.807,2026-09-29T17:04:46.807,GOLD,TRADE,Trade closed,140239779829676,00000000-6683-5ae1-0493-972c0004511e,,-7.56,AED,PROCESSED,,,,
2026-09-29T13:04:46.807,2026-09-29T17:04:46.807,GOLD,TRADE,Trade closed,140239779829679,00000000-6683-6480-0493-972c0004511e,,0.02,AED,PROCESSED,,,,
2026-09-29T13:04:46.807,2026-09-29T17:04:46.807,GOLD,TRADE,Trade closed,140239779829677,00000000-6683-6451-0493-972c0004511e,,0.01,AED,PROCESSED,,,,
2026-09-29T13:04:46.807,2026-09-29T17:04:46.807,GOLD,TRADE,Trade closed,140239779829678,00000000-6683-6461-0493-972c0004511e,,0.01,AED,PROCESSED,,,,
2026-09-29T13:04:46.807,2026-09-29T17:04:46.807,GOLD,TRADE,Trade closed,140239779829680,00000000-6683-6490-0493-972c0004511e,,0.03,AED,PROCESSED,,,,
2026-09-29T13:04:46.740,2026-09-29T17:04:46.740,US500,TRADE,Trade closed,140239779829675,00000000-6682-d5ef-0493-972c0004511e,,-0.75,AED,PROCESSED,,,,
2026-09-29T13:04:46.679,2026-09-29T17:04:46.679,US100,TRADE,Trade closed,140239779829674,00000000-6682-db9d-0493-972c0004511e,,-1.25,AED,PROCESSED,,,,
2026-09-29T12:37:47.197,2026-09-29T16:37:47.197,EURUSD,TRADE,Trade closed,140238082171637,00000000-6683-026f-0493-972c0004511e,,-9.82,AED,PROCESSED,,,,
2026-09-29T12:35:32.061,2026-09-29T16:35:32.061,AUDUSD,TRADE,Trade closed,140237940612834,00000000-6683-02f1-0493-972c0004511e,,-7.24,AED,PROCESSED,,,,
2026-09-29T12:27:45.058,2026-09-29T16:27:45.058,GBPUSD,TRADE,Trade closed,140237450922145,00000000-6683-02c1-0493-972c0004511e,,-10.18,AED,PROCESSED,,,,
2026-09-29T11:51:18.663,2026-09-29T15:51:18.663,US500,TRADE,Trade closed,140235157796250,00000000-6682-c76b-0493-972c0004511e,,3.32,AED,PROCESSED,,,,
2026-09-29T11:51:13.300,2026-09-29T15:51:13.300,US100,TRADE,Trade closed,140235152553274,00000000-6682-c711-0493-972c0004511e,,3.4,AED,PROCESSED,,,,
2026-09-29T11:31:39.456,2026-09-29T15:31:39.456,US100,TRADE,Trade closed,140233921508263,00000000-6682-af1c-0493-972c0004511e,,-0.22,AED,PROCESSED,,,,
2026-09-29T11:31:39.402,2026-09-29T15:31:39.402,USDJPY,TRADE,Trade closed,140233921508262,00000000-6682-6851-0493-972c0004511e,,0.23,AED,PROCESSED,,,,
2026-09-29T11:31:39.343,2026-09-29T15:31:39.343,US500,TRADE,Trade closed,140233921508260,00000000-6682-af4d-0493-972c0004511e,,-0.13,AED,PROCESSED,,,,
2026-09-29T11:31:39.343,2026-09-29T15:31:39.343,US500,TRADE,Trade closed,140233921508259,00000000-6682-56ff-0493-972c0004511e,,4.01,AED,PROCESSED,,,,
2026-09-29T11:31:39.267,2026-09-29T15:31:39.267,GOLD,TRADE,Trade closed,140233921508257,00000000-6682-5649-0493-972c0004511e,,-5.45,AED,PROCESSED,,,,
2026-09-29T11:28:34.216,2026-09-29T15:28:34.216,AUDUSD,TRADE,Trade closed,140233727519976,00000000-6682-3faa-0493-972c0004511e,,-4.66,AED,PROCESSED,,,,
2026-09-29T10:55:05.148,2026-09-29T14:55:05.148,US100,TRADE,Trade closed,140231620911410,00000000-6682-56a5-0493-972c0004511e,,1.57,AED,PROCESSED,,,,
2026-09-29T10:35:30.909,2026-09-29T14:35:30.909,US500,TRADE,Trade closed,140230388826803,00000000-6680-bd5c-0493-972c0004511e,,-0.03,AED,PROCESSED,,,,
2026-09-29T10:35:30.909,2026-09-29T14:35:30.909,US500,TRADE,Trade closed,140230388826805,00000000-6682-3a1d-0493-972c0004511e,,-0.17,AED,PROCESSED,,,,
2026-09-29T10:35:30.909,2026-09-29T14:35:30.909,US500,TRADE,Trade closed,140230388826804,00000000-6680-fffe-0493-972c0004511e,,-0.13,AED,PROCESSED,,,,
2026-09-29T10:35:30.813,2026-09-29T14:35:30.813,SILVER,TRADE,Trade closed,140230388826802,00000000-6682-0659-0493-972c0004511e,,-1.06,AED,PROCESSED,,,,
2026-09-29T10:35:30.813,2026-09-29T14:35:30.813,SILVER,TRADE,Trade closed,140230388826801,00000000-6681-898f-0493-972c0004511e,,-0.72,AED,PROCESSED,,,,
2026-09-29T10:35:30.734,2026-09-29T14:35:30.734,GOLD,TRADE,Trade closed,140230388826800,00000000-667b-4b66-0493-972c0004511e,,-1.36,AED,PROCESSED,,,,
2026-09-29T10:35:30.681,2026-09-29T14:35:30.681,AUDCAD,TRADE,Trade closed,140230388826799,00000000-6681-3d85-0493-972c0004511e,,-0.28,AED,PROCESSED,,,,
2026-09-29T10:35:30.681,2026-09-29T14:35:30.681,AUDCAD,TRADE,Trade closed,140230388826798,00000000-6680-d76a-0493-972c0004511e,,-0.21,AED,PROCESSED,,,,
2026-09-29T10:35:30.598,2026-09-29T14:35:30.598,US100,TRADE,Trade closed,140230388826791,00000000-6680-bd35-0493-972c0004511e,,0.13,AED,PROCESSED,,,,
2026-09-29T10:35:30.598,2026-09-29T14:35:30.598,US100,TRADE,Trade closed,140230388826796,00000000-6682-2cbe-0493-972c0004511e,,0.06,AED,PROCESSED,,,,
2026-09-29T10:35:30.598,2026-09-29T14:35:30.598,US100,TRADE,Trade closed,140230388826794,00000000-6682-0370-0493-972c0004511e,,0.5,AED,PROCESSED,,,,
2026-09-29T10:35:30.598,2026-09-29T14:35:30.598,US100,TRADE,Trade closed,140230388826795,00000000-6682-06db-0493-972c0004511e,,0.41,AED,PROCESSED,,,,
2026-09-29T10:35:30.598,2026-09-29T14:35:30.598,US100,TRADE,Trade closed,140230388826792,00000000-6680-f239-0493-972c0004511e,,0.04,AED,PROCESSED,,,,
2026-09-29T10:35:30.598,2026-09-29T14:35:30.598,US100,TRADE,Trade closed,140230388826793,00000000-6680-ff83-0493-972c0004511e,,0.11,AED,PROCESSED,,,,
2026-09-29T10:35:30.598,2026-09-29T14:35:30.598,US100,TRADE,Trade closed,140230388826797,00000000-6682-39d9-0493-972c0004511e,,-0.12,AED,PROCESSED,,,,
2026-09-29T10:35:30.434,2026-09-29T14:35:30.434,GBPUSD,TRADE,Trade closed,140230388826788,00000000-6681-b5ac-0493-972c0004511e,,-0.8,AED,PROCESSED,,,,
2026-09-29T10:35:30.434,2026-09-29T14:35:30.434,GBPUSD,TRADE,Trade closed,140230388826789,00000000-6682-05ee-0493-972c0004511e,,-1.54,AED,PROCESSED,,,,
2026-09-29T10:35:30.434,2026-09-29T14:35:30.434,GBPUSD,TRADE,Trade closed,140230388826790,00000000-6682-2b8d-0493-972c0004511e,,-0.76,AED,PROCESSED,,,,
2026-09-29T10:35:30.333,2026-09-29T14:35:30.333,AUDUSD,TRADE,Trade closed,140230388826786,00000000-6682-066a-0493-972c0004511e,,-0.57,AED,PROCESSED,,,,
2026-09-29T10:35:30.333,2026-09-29T14:35:30.333,AUDUSD,TRADE,Trade closed,140230388826782,00000000-6680-e4f0-0493-972c0004511e,,-0.15,AED,PROCESSED,,,,
2026-09-29T10:35:30.333,2026-09-29T14:35:30.333,AUDUSD,TRADE,Trade closed,140230388826785,00000000-6682-02f2-0493-972c0004511e,,-0.9,AED,PROCESSED,,,,
2026-09-29T10:35:30.333,2026-09-29T14:35:30.333,AUDUSD,TRADE,Trade closed,140230388826784,00000000-6681-b655-0493-972c0004511e,,-0.56,AED,PROCESSED,,,,
2026-09-29T10:35:30.333,2026-09-29T14:35:30.333,AUDUSD,TRADE,Trade closed,140230388826783,00000000-6681-482a-0493-972c0004511e,,-0.17,AED,PROCESSED,,,,
2026-09-29T10:35:30.333,2026-09-29T14:35:30.333,AUDUSD,TRADE,Trade closed,140230388826787,00000000-6682-2bd6-0493-972c0004511e,,-0.24,AED,PROCESSED,,,,
2026-09-29T10:35:17.588,2026-09-29T14:35:17.588,NZDUSD,TRADE,Trade closed,140230375195263,00000000-6681-89ed-0493-972c0004511e,,0.03,AED,PROCESSED,,,,
2026-09-29T10:32:37.230,2026-09-29T14:32:37.230,AUDCHF,TRADE,Trade closed,140230207422215,00000000-6680-a50d-0493-972c0004511e,,-0.69,AED,PROCESSED,,,,
2026-09-29T10:30:47.869,2026-09-29T14:30:47.869,GOLD,TRADE,Trade closed,140230092077959,00000000-667b-6238-0493-972c0004511e,,-1.71,AED,PROCESSED,,,,
2026-09-29T10:29:26.058,2026-09-29T14:29:26.058,USDJPY,TRADE,Trade closed,140230007142631,00000000-6682-06c5-0493-972c0004511e,,-1.06,AED,PROCESSED,,,,
2026-09-29T10:21:03.208,2026-09-29T14:21:03.208,USDJPY,TRADE,Trade closed,140229479706855,00000000-6680-b346-0493-972c0004511e,,0.7,AED,PROCESSED,,,,
2026-09-29T10:21:03.208,2026-09-29T14:21:03.208,USDJPY,TRADE,Trade closed,140229479706854,00000000-667c-39c4-0493-972c0004511e,,0.74,AED,PROCESSED,,,,
2026-09-29T10:21:03.208,2026-09-29T14:21:03.208,USDJPY,TRADE,Trade closed,140229479706856,00000000-6681-b72c-0493-972c0004511e,,0.7,AED,PROCESSED,,,,
2026-09-29T09:57:55.402,2026-09-29T13:57:55.402,CADJPY,TRADE,Trade closed,140228024273599,00000000-6681-0a71-0493-972c0004511e,,-9.43,AED,PROCESSED,,,,
2026-09-29T09:30:24.347,2026-09-29T13:30:24.347,US100,TRADE,Trade closed,140226293062008,00000000-6681-89d2-0493-972c0004511e,,-0.29,AED,PROCESSED,,,,
2026-09-29T09:01:52.761,2026-09-29T13:01:52.761,SILVER,TRADE,Trade closed,140224497889273,00000000-6680-7af1-0493-972c0004511e,,1.83,AED,PROCESSED,,,,
2026-09-29T08:47:39.260,2026-09-29T12:47:39.260,USDCAD,TRADE,Trade closed,140223603449190,00000000-6681-5712-0493-972c0004511e,,0.01,AED,PROCESSED,,,,
2026-09-29T08:47:31.721,2026-09-29T12:47:31.721,NZDJPY,TRADE,Trade closed,140223595060525,00000000-6680-a526-0493-972c0004511e,,0.04,AED,PROCESSED,,,,
2026-09-29T08:47:09.864,2026-09-29T12:47:09.864,USDCHF,TRADE,Trade closed,140223571991778,00000000-6681-6738-0493-972c0004511e,,0.46,AED,PROCESSED,,,,
2026-09-29T08:47:09.864,2026-09-29T12:47:09.864,USDCHF,TRADE,Trade closed,140223571991777,00000000-6680-b382-0493-972c0004511e,,1.47,AED,PROCESSED,,,,
2026-09-29T08:23:00.615,2026-09-29T12:23:00.615,GBPJPY,TRADE,Trade closed,140222052597094,00000000-6681-0d4d-0493-972c0004511e,,-0.61,AED,PROCESSED,,,,
2026-09-29T08:03:55.123,2026-09-29T12:03:55.123,EURJPY,TRADE,Trade closed,140220851967684,00000000-6681-0cb7-0493-972c0004511e,,-1.06,AED,PROCESSED,,,,
2026-09-29T07:36:13.661,2026-09-29T11:36:13.661,USDCAD,TRADE,Trade closed,140219109223378,00000000-6680-9e0f-0493-972c0004511e,,0.47,AED,PROCESSED,,,,
2026-09-29T07:36:04.076,2026-09-29T11:36:04.076,GBPUSD,TRADE,Trade closed,140219099786147,00000000-6680-9cea-0493-972c0004511e,,1.74,AED,PROCESSED,,,,
2026-09-29T07:35:54.212,2026-09-29T11:35:54.212,EURUSD,TRADE,Trade closed,140219089300339,00000000-6680-c854-0493-972c0004511e,,1.32,AED,PROCESSED,,,,
2026-09-29T07:24:35.761,2026-09-29T11:24:35.761,EURGBP,TRADE,Trade closed,140218377310356,00000000-6680-e58c-0493-972c0004511e,,-0.95,AED,PROCESSED,,,,
2026-09-29T07:16:59.834,2026-09-29T11:16:59.834,GBPCHF,TRADE,Trade closed,140217899156687,00000000-6680-d70d-0493-972c0004511e,,-0.37,AED,PROCESSED,,,,
2026-09-29T07:16:48.855,2026-09-29T11:16:48.855,EURCHF,TRADE,Trade closed,140217887622283,00000000-6680-98fe-0493-972c0004511e,,-0.9,AED,PROCESSED,,,,
2026-09-29T07:13:39.121,2026-09-29T11:13:39.121,EURCHF,TRADE,Trade closed,140217689440264,00000000-6680-bef4-0493-972c0004511e,,-0.26,AED,PROCESSED,,,,
2026-09-29T07:13:24.366,2026-09-29T11:13:24.366,EURCHF,TRADE,Trade closed,140217673842649,00000000-6680-c3f0-0493-972c0004511e,,-0.26,AED,PROCESSED,,,,
2026-09-29T07:10:00.569,2026-09-29T11:10:00.569,GBPCHF,TRADE,Trade closed,140217459931710,00000000-6680-9957-0493-972c0004511e,,0.44,AED,PROCESSED,,,,
2026-09-29T07:01:09.731,2026-09-29T11:01:09.731,CADJPY,TRADE,Trade closed,140216903132842,00000000-6680-556f-0493-972c0004511e,,-0.61,AED,PROCESSED,,,,
2026-09-29T06:58:17.817,2026-09-29T10:58:17.817,CADJPY,TRADE,Trade closed,140216722775713,00000000-6680-6cba-0493-972c0004511e,,-0.63,AED,PROCESSED,,,,
2026-09-29T06:54:49.875,2026-09-29T10:54:49.875,GBPJPY,TRADE,Trade closed,140216504671046,00000000-6680-53e1-0493-972c0004511e,,-1.07,AED,PROCESSED,,,,
2026-09-29T06:44:21.446,2026-09-29T10:44:21.446,GBPJPY,TRADE,Trade closed,140215846162016,00000000-6680-69f1-0493-972c0004511e,,-1.08,AED,PROCESSED,,,,
2026-09-29T06:39:15.940,2026-09-29T10:39:15.940,CADJPY,TRADE,Trade closed,140215525296495,00000000-667f-e4e8-0493-972c0004511e,,0.39,AED,PROCESSED,,,,
2026-09-29T06:35:30.201,2026-09-29T10:35:30.201,EURGBP,TRADE,Trade closed,140215289366096,00000000-6680-9f16-0493-972c0004511e,,-0.34,AED,PROCESSED,,,,
2026-09-29T06:35:19.698,2026-09-29T10:35:19.698,EURGBP,TRADE,Trade closed,140215277831725,00000000-667e-f561-0493-972c0004511e,,0.11,AED,PROCESSED,,,,
2026-09-29T06:34:21.651,2026-09-29T10:34:21.651,US100,TRADE,Trade closed,140215217014089,00000000-667f-0fc8-0493-972c0004511e,,-0.31,AED,PROCESSED,,,,
2026-09-29T06:31:23.209,2026-09-29T10:31:23.209,US500,TRADE,Trade closed,140215030366551,00000000-667f-1008-0493-972c0004511e,,-0.44,AED,PROCESSED,,,,
2026-09-29T06:30:42.648,2026-09-29T10:30:42.648,GBPJPY,TRADE,Trade closed,140214987374598,00000000-667f-6156-0493-972c0004511e,,0.37,AED,PROCESSED,,,,
2026-09-29T06:30:42.604,2026-09-29T10:30:42.604,EURJPY,TRADE,Trade closed,140214987374597,00000000-6680-6972-0493-972c0004511e,,-7.89,AED,PROCESSED,,,,
2026-09-29T06:30:02.425,2026-09-29T10:30:02.425,US100,TRADE,Trade closed,140214945431205,00000000-667f-bf5a-0493-972c0004511e,,-0.99,AED,PROCESSED,,,,
2026-09-29T06:29:15.587,2026-09-29T10:29:15.587,US500,TRADE,Trade closed,140214896147719,00000000-6680-6c76-0493-972c0004511e,,-1.7,AED,PROCESSED,,,,
2026-09-29T06:28:24.686,2026-09-29T10:28:24.686,US100,TRADE,Trade closed,140214842670037,00000000-6680-6bdf-0493-972c0004511e,,-0.89,AED,PROCESSED,,,,
2026-09-29T06:09:08.187,2026-09-29T10:09:08.187,US100,TRADE,Trade closed,140213630507269,00000000-6680-536f-0493-972c0004511e,,-1.74,AED,PROCESSED,,,,
2026-09-29T06:08:48.491,2026-09-29T10:08:48.491,SILVER,TRADE,Trade closed,140213609535490,00000000-667c-d48d-0493-972c0004511e,,-1.77,AED,PROCESSED,,,,
2026-09-29T06:06:57.389,2026-09-29T10:06:57.389,US500,TRADE,Trade closed,140213493142309,00000000-6680-53c3-0493-972c0004511e,,-1.78,AED,PROCESSED,,,,
2026-09-29T06:02:22.188,2026-09-29T10:02:22.188,USDCAD,TRADE,Trade closed,140213204782131,00000000-6680-50f8-0493-972c0004511e,,-2.02,AED,PROCESSED,,,,
2026-09-29T06:02:15.497,2026-09-29T10:02:15.497,EURUSD,TRADE,Trade closed,140213197442039,00000000-667f-e5cb-0493-972c0004511e,,0.17,AED,PROCESSED,,,,
2026-09-29T06:02:15.497,2026-09-29T10:02:15.497,EURUSD,TRADE,Trade closed,140213197442038,00000000-667f-4393-0493-972c0004511e,,2.2,AED,PROCESSED,,,,
2026-09-29T06:00:15.328,2026-09-29T10:00:15.328,GBPUSD,TRADE,Trade closed,140213071611950,00000000-667f-e600-0493-972c0004511e,,0.13,AED,PROCESSED,,,,
2026-09-29T06:00:14.445,2026-09-29T10:00:14.445,EURJPY,TRADE,Trade closed,140213070563359,00000000-6680-53a0-0493-972c0004511e,,1.23,AED,PROCESSED,,,,
2026-09-29T06:00:10.800,2026-09-29T10:00:10.800,USDCAD,TRADE,Trade closed,140213066369008,00000000-667f-bc6c-0493-972c0004511e,,0.42,AED,PROCESSED,,,,
2026-09-29T05:39:09.596,2026-09-29T09:39:09.596,USDCHF,TRADE,Trade closed,140211744101671,00000000-667f-63a3-0493-972c0004511e,,2.6,AED,PROCESSED,,,,
2026-09-29T05:39:09.596,2026-09-29T09:39:09.596,USDCHF,TRADE,Trade closed,140211744101672,00000000-667f-e651-0493-972c0004511e,,0.17,AED,PROCESSED,,,,
2026-09-29T05:39:09.596,2026-09-29T09:39:09.596,USDCHF,TRADE,Trade closed,140211744101663,00000000-667e-ea61-0493-972c0004511e,,1.36,AED,PROCESSED,,,,
2026-09-29T05:39:09.596,2026-09-29T09:39:09.596,USDCHF,TRADE,Trade closed,140211744101669,00000000-667f-43fd-0493-972c0004511e,,2.22,AED,PROCESSED,,,,
2026-09-29T05:39:09.596,2026-09-29T09:39:09.596,USDCHF,TRADE,Trade closed,140211744101665,00000000-667f-2787-0493-972c0004511e,,2.95,AED,PROCESSED,,,,
2026-09-29T05:39:09.596,2026-09-29T09:39:09.596,USDCHF,TRADE,Trade closed,140211744101667,00000000-667f-37c0-0493-972c0004511e,,0.46,AED,PROCESSED,,,,
2026-09-29T05:39:09.596,2026-09-29T09:39:09.596,USDCHF,TRADE,Trade closed,140211744101661,00000000-667e-39bd-0493-972c0004511e,,4.5,AED,PROCESSED,,,,
2026-09-29T05:39:09.596,2026-09-29T09:39:09.596,USDCHF,TRADE,Trade closed,140211744101664,00000000-667f-0fef-0493-972c0004511e,,0.53,AED,PROCESSED,,,,
2026-09-29T05:36:58.364,2026-09-29T09:36:58.364,EURCHF,TRADE,Trade closed,140211606737090,00000000-667f-35bc-0493-972c0004511e,,0.22,AED,PROCESSED,,,,
2026-09-29T05:36:58.364,2026-09-29T09:36:58.364,EURCHF,TRADE,Trade closed,140211606737089,00000000-667f-2869-0493-972c0004511e,,6.78,AED,PROCESSED,,,,
2026-09-29T05:36:58.364,2026-09-29T09:36:58.364,EURCHF,TRADE,Trade closed,140211606737091,00000000-667f-4291-0493-972c0004511e,,2.3,AED,PROCESSED,,,,
2026-09-29T05:36:54.961,2026-09-29T09:36:54.961,GBPCHF,TRADE,Trade closed,140211602542765,00000000-667f-bec3-0493-972c0004511e,,0.53,AED,PROCESSED,,,,
2026-09-29T05:27:11.712,2026-09-29T09:27:11.712,NZDUSD,TRADE,Trade closed,140210991215543,00000000-667f-e76b-0493-972c0004511e,,1.73,AED,PROCESSED,,,,
2026-09-29T05:16:46.775,2026-09-29T09:16:46.775,GBPUSD,TRADE,Trade closed,140210335852707,00000000-667f-3780-0493-972c0004511e,,0.54,AED,PROCESSED,,,,
2026-09-29T05:15:16.305,2026-09-29T09:15:16.305,EURGBP,TRADE,Trade closed,140210241480625,00000000-667f-e7ad-0493-972c0004511e,,-1.46,AED,PROCESSED,,,,
2026-09-29T04:40:25.131,2026-09-29T08:40:25.131,AUDUSD,TRADE,Trade closed,140208048899324,00000000-667f-e73d-0493-972c0004511e,,1.76,AED,PROCESSED,,,,
2026-09-29T04:32:20.353,2026-09-29T08:32:20.353,EURUSD,TRADE,Trade closed,140207540337707,00000000-667f-3734-0493-972c0004511e,,0.21,AED,PROCESSED,,,,
2026-09-29T04:31:10.456,2026-09-29T08:31:10.456,USDCAD,TRADE,Trade closed,140207466936987,00000000-667f-63eb-0493-972c0004511e,,1.48,AED,PROCESSED,,,,
2026-09-29T04:30:23.383,2026-09-29T08:30:23.383,AUDUSD,TRADE,Trade closed,140207417653441,00000000-667f-bc99-0493-972c0004511e,,-1.07,AED,PROCESSED,,,,
2026-09-29T04:29:46.972,2026-09-29T08:29:46.972,AUDCAD,TRADE,Trade closed,140207378855951,00000000-667f-bf14-0493-972c0004511e,,-1.06,AED,PROCESSED,,,,
2026-09-29T02:39:27.568,2026-09-29T06:39:27.568,USDJPY,TRADE,Trade closed,140200438308419,00000000-667f-43c6-0493-972c0004511e,,-0.92,AED,PROCESSED,,,,
2026-09-29T02:31:41.449,2026-09-29T06:31:41.449,GOLD,TRADE,Trade closed,140199949670226,00000000-667e-a692-0493-972c0004511e,,-1.97,AED,PROCESSED,,,,
2026-09-29T02:23:16.980,2026-09-29T06:23:16.980,USDJPY,TRADE,Trade closed,140199420137650,00000000-667f-37a1-0493-972c0004511e,,-0.46,AED,PROCESSED,,,,
2026-09-29T02:02:33.906,2026-09-29T06:02:33.906,USDCAD,TRADE,Trade closed,140198116752276,00000000-667e-f50b-0493-972c0004511e,,-0.18,AED,PROCESSED,,,,
2026-09-29T01:47:31.851,2026-09-29T05:47:31.851,USDJPY,TRADE,Trade closed,140197170933063,00000000-667c-2b16-0493-972c0004511e,,2.39,AED,PROCESSED,,,,
2026-09-29T01:45:36.861,2026-09-29T05:45:36.861,GOLD,TRADE,Trade closed,140197050346071,00000000-667c-c16c-0493-972c0004511e,,-0.65,AED,PROCESSED,,,,
2026-09-29T01:35:30.542,2026-09-29T05:35:30.542,AUDCAD,TRADE,Trade closed,140196414905175,00000000-667e-a6ad-0493-972c0004511e,,2.7,AED,PROCESSED,,,,
2026-09-29T01:16:56.314,2026-09-29T05:16:56.314,USDJPY,TRADE,Trade closed,140195246784355,00000000-667e-45a1-0493-972c0004511e,,-0.4,AED,PROCESSED,,,,
2026-09-29T01:03:58.513,2026-09-29T05:03:58.513,USDCAD,TRADE,Trade closed,140194430988508,00000000-667e-4684-0493-972c0004511e,,0.13,AED,PROCESSED,,,,
2026-09-29T00:57:33.585,2026-09-29T04:57:33.585,USDJPY,TRADE,Trade closed,140194027284043,00000000-667e-ea34-0493-972c0004511e,,-1.01,AED,PROCESSED,,,,
2026-09-29T00:46:31.737,2026-09-29T04:46:31.737,NZDJPY,TRADE,Trade closed,140193333124084,00000000-667e-a6e3-0493-972c0004511e,,-5.95,AED,PROCESSED,,,,
2026-09-29T00:35:39.811,2026-09-29T04:35:39.811,EURUSD,TRADE,Trade closed,140192649450615,00000000-667e-3918-0493-972c0004511e,,1.84,AED,PROCESSED,,,,
2026-09-29T00:35:22.879,2026-09-29T04:35:22.879,US500,TRADE,Trade closed,140192631624749,00000000-667e-a6d0-0493-972c0004511e,,2.68,AED,PROCESSED,,,,
2026-09-28T23:51:57.413,2026-09-29T03:51:57.413,AUDUSD,TRADE,Trade closed,140189900202066,00000000-667e-23d7-0493-972c0004511e,,1.21,AED,PROCESSED,,,,
2026-09-28T22:09:00.197,2026-09-29T02:09:00.197,GOLD,TRADE,Trade closed,140183423133155,00000000-667b-27d3-0493-972c0004511e,,1.06,AED,PROCESSED,,,,
2026-09-28T22:09:00.197,2026-09-29T02:09:00.197,GOLD,TRADE,Trade closed,140183423133156,00000000-667b-8d71-0493-972c0004511e,,1.13,AED,PROCESSED,,,,
2026-09-28T22:09:00.197,2026-09-29T02:09:00.197,GOLD,TRADE,Trade closed,140183423133157,00000000-667b-a979-0493-972c0004511e,,0.51,AED,PROCESSED,,,,
2026-09-28T22:01:56.025,2026-09-29T02:01:56.025,SILVER,TRADE,Trade closed,140182978534124,00000000-667c-2b98-0493-972c0004511e,,0.86,AED,PROCESSED,,,,
2026-09-28T22:00:00.259,2026-09-29T02:00:00.259,NZDUSD,TRADE,Trade closed,140182856897766,00000000-667e-2402-0493-972c0004511e,,-12.03,AED,PROCESSED,,,,
2026-09-28T21:09:24.497,2026-09-29T01:09:24.497,AUDCAD,TRADE,Trade closed,140179673413512,00000000-667c-c226-0493-972c0004511e,,-0.5,AED,PROCESSED,,,,
2026-09-28T21:06:00.343,2026-09-29T01:06:00.343,EURCHF,TRADE,Trade closed,140179459503661,00000000-667b-acee-0493-972c0004511e,,-0.8,AED,PROCESSED,,,,
2026-09-28T21:05:01.391,2026-09-29T01:05:01.391,USDCAD,TRADE,Trade closed,140179397637507,00000000-667c-4744-0493-972c0004511e,,-1.76,AED,PROCESSED,,,,
2026-09-28T21:05:01.339,2026-09-29T01:05:01.339,USDCHF,TRADE,Trade closed,140179397637492,00000000-667c-3a09-0493-972c0004511e,,-6.83,AED,PROCESSED,,,,
2026-09-28T21:05:00.919,2026-09-29T01:05:00.919,USDCAD,TRADE,Trade closed,140179396588902,00000000-667c-8ad7-0493-972c0004511e,,-0.35,AED,PROCESSED,,,,
2026-09-28T20:34:18.457,2026-09-29T00:34:18.457,AUDCHF,TRADE,Trade closed,140177465131441,00000000-667c-c257-0493-972c0004511e,,-0.39,AED,PROCESSED,,,,
2026-09-28T19:54:44.825,2026-09-28T23:54:44.825,US100,TRADE,Trade closed,140174975792883,00000000-667b-1d91-0493-972c0004511e,,-0.51,AED,PROCESSED,,,,
2026-09-28T19:12:16.291,2026-09-28T23:12:16.291,US500,TRADE,Trade closed,140172304001114,00000000-667b-8ed4-0493-972c0004511e,,-1.91,AED,PROCESSED,,,,
2026-09-28T19:11:50.552,2026-09-28T23:11:50.552,US500,TRADE,Trade closed,140172276738003,00000000-667b-1de7-0493-972c0004511e,,-0.86,AED,PROCESSED,,,,
2026-09-28T19:03:20.503,2026-09-28T23:03:20.503,SILVER,TRADE,Trade closed,140171741960566,00000000-667b-5522-0493-972c0004511e,,1.29,AED,PROCESSED,,,,
2026-09-28T18:53:19.455,2026-09-28T22:53:19.455,USDJPY,TRADE,Trade closed,140171111761118,00000000-667b-abb0-0493-972c0004511e,,2.54,AED,PROCESSED,,,,
2026-09-28T17:16:17.331,2026-09-28T21:16:17.331,GOLD,TRADE,Trade closed,140165006907270,00000000-667b-0d75-0493-972c0004511e,,2.61,AED,PROCESSED,,,,
2026-09-28T17:12:32.373,2026-09-28T21:12:32.373,SILVER,TRADE,Trade closed,140164770972358,00000000-667b-6296-0493-972c0004511e,,-2.0,AED,PROCESSED,,,,
2026-09-28T16:53:46.258,2026-09-28T20:53:46.258,SILVER,TRADE,Trade closed,140163590259740,00000000-667a-f425-0493-972c0004511e,,1.38,AED,PROCESSED,,,,
2026-09-28T16:47:45.699,2026-09-28T20:47:45.699,GBPUSD,TRADE,Trade closed,140163211851664,00000000-667b-061a-0493-972c0004511e,,1.72,AED,PROCESSED,,,,
2026-09-28T16:32:52.007,2026-09-28T20:32:52.007,US100,TRADE,Trade closed,140162275461000,00000000-667a-bc81-0493-972c0004511e,,0.8,AED,PROCESSED,,,,
2026-09-28T16:32:52.007,2026-09-28T20:32:52.007,US100,TRADE,Trade closed,140162275460996,00000000-667a-2eb3-0493-972c0004511e,,0.83,AED,PROCESSED,,,,
2026-09-28T16:31:33.384,2026-09-28T20:31:33.384,US500,TRADE,Trade closed,140162192621639,00000000-667a-bce4-0493-972c0004511e,,1.02,AED,PROCESSED,,,,
2026-09-28T16:26:34.241,2026-09-28T20:26:34.241,GOLD,TRADE,Trade closed,140161879083696,00000000-667a-3cc2-0493-972c0004511e,,-1.76,AED,PROCESSED,,,,
2026-09-28T16:25:47.810,2026-09-28T20:25:47.810,AUDUSD,TRADE,Trade closed,140161829799057,00000000-667a-e479-0493-972c0004511e,,-0.7,AED,PROCESSED,,,,
2026-09-28T16:25:44.650,2026-09-28T20:25:44.650,GOLD,TRADE,Trade closed,140161826652980,00000000-667a-1b9f-0493-972c0004511e,,-1.67,AED,PROCESSED,,,,
2026-09-28T16:25:37.901,2026-09-28T20:25:37.901,GOLD,TRADE,Trade closed,140161819312440,00000000-667a-a600-0493-972c0004511e,,-1.5,AED,PROCESSED,,,,
2026-09-28T16:25:33.727,2026-09-28T20:25:33.727,GBPUSD,TRADE,Trade closed,140161815117945,00000000-667a-72ca-0493-972c0004511e,,-1.31,AED,PROCESSED,,,,
2026-09-28T16:21:37.078,2026-09-28T20:21:37.078,EURUSD,TRADE,Trade closed,140161567647597,00000000-667a-4035-0493-972c0004511e,,-0.99,AED,PROCESSED,,,,
2026-09-28T16:21:30.227,2026-09-28T20:21:30.227,EURUSD,TRADE,Trade closed,140161560307389,00000000-6679-b210-0493-972c0004511e,,-1.75,AED,PROCESSED,,,,
2026-09-28T16:21:16.787,2026-09-28T20:21:16.787,EURUSD,TRADE,Trade closed,140161545626693,00000000-6679-76e1-0493-972c0004511e,,-1.73,AED,PROCESSED,,,,
2026-09-28T16:20:41.467,2026-09-28T20:20:41.467,SILVER,TRADE,Trade closed,140161508924699,00000000-667a-1c1c-0493-972c0004511e,,-10.31,AED,PROCESSED,,,,
2026-09-28T16:20:41.408,2026-09-28T20:20:41.408,EURUSD,TRADE,Trade closed,140161508924658,00000000-6678-f5ba-0493-972c0004511e,,-1.89,AED,PROCESSED,,,,
2026-09-28T16:20:37.532,2026-09-28T20:20:37.532,OIL_CRUDE,TRADE,Trade closed,140161504730015,00000000-667a-1c62-0493-972c0004511e,,6.85,AED,PROCESSED,,,,
2026-09-28T16:17:02.749,2026-09-28T20:17:02.749,US500,TRADE,Trade closed,140161279280151,00000000-667a-2db7-0493-972c0004511e,,2.08,AED,PROCESSED,,,,
2026-09-28T15:23:52.305,2026-09-28T19:23:52.305,EURUSD,TRADE,Trade closed,140157934291835,00000000-667a-0598-0493-972c0004511e,,-2.07,AED,PROCESSED,,,,
2026-09-28T15:19:15.848,2026-09-28T19:19:15.848,GOLD,TRADE,Trade closed,140157643833028,00000000-6679-ba3b-0493-972c0004511e,,1.15,AED,PROCESSED,,,,
2026-09-28T14:57:45.852,2026-09-28T18:57:45.852,EURUSD,TRADE,Trade closed,140156291151802,00000000-6679-4fcb-0493-972c0004511e,,0.43,AED,PROCESSED,,,,
2026-09-28T14:56:42.851,2026-09-28T18:56:42.851,EURUSD,TRADE,Trade closed,140156225088713,00000000-6678-d760-0493-972c0004511e,,1.73,AED,PROCESSED,,,,
2026-09-28T14:56:41.836,2026-09-28T18:56:41.836,EURUSD,TRADE,Trade closed,140156224040123,00000000-6678-b446-0493-972c0004511e,,1.93,AED,PROCESSED,,,,
2026-09-28T14:56:11.752,2026-09-28T18:56:11.752,EURUSD,TRADE,Trade closed,140156192582190,00000000-6679-12d7-0493-972c0004511e,,1.3,AED,PROCESSED,,,,
2026-09-28T14:48:14.279,2026-09-28T18:48:14.279,GOLD,TRADE,Trade closed,140155692400116,00000000-6679-1123-0493-972c0004511e,,1.97,AED,PROCESSED,,,,
2026-09-28T14:48:00.441,2026-09-28T18:48:00.441,GOLD,TRADE,Trade closed,140155677718443,00000000-6678-f94d-0493-972c0004511e,,2.17,AED,PROCESSED,,,,
2026-09-28T14:46:27.104,2026-09-28T18:46:27.104,GOLD,TRADE,Trade closed,140155580196580,00000000-6678-bffb-0493-972c0004511e,,2.11,AED,PROCESSED,,,,
2026-09-28T14:46:05.094,2026-09-28T18:46:05.094,OIL_CRUDE,TRADE,Trade closed,140155557126715,00000000-6679-b9e5-0493-972c0004511e,,-9.21,AED,PROCESSED,,,,
2026-09-28T14:45:09.074,2026-09-28T18:45:09.074,US500,TRADE,Trade closed,140155498403448,00000000-6679-b21f-0493-972c0004511e,,2.73,AED,PROCESSED,,,,
2026-09-28T14:43:53.247,2026-09-28T18:43:53.247,US500,TRADE,Trade closed,140155418708844,00000000-6679-56be-0493-972c0004511e,,2.61,AED,PROCESSED,,,,
2026-09-28T14:22:45.337,2026-09-28T18:22:45.337,SILVER,TRADE,Trade closed,140154089218955,00000000-6679-55c5-0493-972c0004511e,,4.45,AED,PROCESSED,,,,
2026-09-28T14:19:22.442,2026-09-28T18:19:22.442,OIL_CRUDE,TRADE,Trade closed,140153876355427,00000000-6679-6da2-0493-972c0004511e,,2.26,AED,PROCESSED,,,,
2026-09-28T14:16:17.299,2026-09-28T18:16:17.299,BTCUSD,TRADE,Trade closed,140153682366353,00000000-6679-4f7a-0493-972c0004511e,,-10.55,AED,PROCESSED,,,,
2026-09-28T14:11:14.023,2026-09-28T18:11:14.023,US100,TRADE,Trade closed,140153364642453,00000000-6679-7795-0493-972c0004511e,,-9.67,AED,PROCESSED,,,,
2026-09-28T13:55:55.022,2026-09-28T17:55:55.022,OIL_CRUDE,TRADE,Trade closed,140152400984760,00000000-6679-12c8-0493-972c0004511e,,0.91,AED,PROCESSED,,,,
2026-09-28T13:55:18.518,2026-09-28T17:55:18.518,US100,TRADE,Trade closed,140152362186542,00000000-6679-5665-0493-972c0004511e,,1.51,AED,PROCESSED,,,,
2026-09-28T13:51:15.719,2026-09-28T17:51:15.719,US500,TRADE,Trade closed,140152107378467,00000000-6679-1d7d-0493-972c0004511e,,1.26,AED,PROCESSED,,,,
2026-09-28T13:47:46.229,2026-09-28T17:47:46.229,SILVER,TRADE,Trade closed,140151888220141,00000000-6678-c038-0493-972c0004511e,,-1.88,AED,PROCESSED,,,,
2026-09-28T13:36:02.760,2026-09-28T17:36:02.760,US100,TRADE,Trade closed,140151150008558,00000000-6678-f9df-0493-972c0004511e,,-1.87,AED,PROCESSED,,,,
2026-09-28T13:36:02.366,2026-09-28T17:36:02.366,US100,TRADE,Trade closed,140151150008540,00000000-6678-96f2-0493-972c0004511e,,-1.85,AED,PROCESSED,,,,
2026-09-28T13:35:51.851,2026-09-28T17:35:51.851,US100,TRADE,Trade closed,140151138473876,00000000-6679-142d-0493-972c0004511e,,-1.64,AED,PROCESSED,,,,
2026-09-28T13:35:45.751,2026-09-28T17:35:45.751,US100,TRADE,Trade closed,140151132182147,00000000-6678-d5fa-0493-972c0004511e,,-1.95,AED,PROCESSED,,,,
2026-09-28T13:35:37.802,2026-09-28T17:35:37.802,US100,TRADE,Trade closed,140151123793295,00000000-6678-c074-0493-972c0004511e,,-1.91,AED,PROCESSED,,,,
2026-09-28T13:31:19.968,2026-09-28T17:31:19.968,BTCUSD,TRADE,Trade closed,140150853252086,00000000-6678-d728-0493-972c0004511e,,0.84,AED,PROCESSED,,,,
2026-09-28T13:31:08.286,2026-09-28T17:31:08.286,US500,TRADE,Trade closed,140150841716886,00000000-6678-d6b0-0493-972c0004511e,,-10.65,AED,PROCESSED,,,,
2026-09-28T13:25:54.582,2026-09-28T17:25:54.582,OIL_CRUDE,TRADE,Trade closed,140150512455725,00000000-6678-fe68-0493-972c0004511e,,1.07,AED,PROCESSED,,,,
2026-09-28T13:20:35.484,2026-09-28T17:20:35.484,OIL_CRUDE,TRADE,Trade closed,140150177957866,00000000-6678-d828-0493-972c0004511e,,1.86,AED,PROCESSED,,,,
2026-09-28T12:58:19.761,2026-09-28T16:58:19.761,US500,TRADE,Trade closed,140148777046229,00000000-6678-c0c0-0493-972c0004511e,,1.46,AED,PROCESSED,,,,
2026-09-28T12:56:40.556,2026-09-28T16:56:40.556,SILVER,TRADE,Trade closed,140148673235305,00000000-6678-900e-0493-972c0004511e,,2.89,AED,PROCESSED,,,,
2026-09-28T12:55:44.171,2026-09-28T16:55:44.171,US100,TRADE,Trade closed,140148614514257,00000000-6678-7d26-0493-972c0004511e,,2.61,AED,PROCESSED,,,,
2026-09-28T12:52:11.354,2026-09-28T16:52:11.354,GOLD,TRADE,Trade closed,140148391164920,00000000-6678-8f08-0493-972c0004511e,,1.04,AED,PROCESSED,,,,
2026-09-28T12:50:27.370,2026-09-28T16:50:27.370,EURUSD,TRADE,Trade closed,140148282111851,00000000-6678-9c75-0493-972c0004511e,,2.67,AED,PROCESSED,,,,
2026-09-28T12:26:26.467,2026-09-28T16:26:26.467,GOLD,TRADE,Trade closed,140146771226102,00000000-6678-7c4e-0493-972c0004511e,,3.17,AED,PROCESSED,,,,
2026-09-28T12:25:55.644,2026-09-28T16:25:55.644,SILVER,TRADE,Trade closed,140146738719652,00000000-6678-7c96-0493-972c0004511e,,1.99,AED,PROCESSED,,,,
2026-09-28T12:21:17.300,2026-09-28T16:21:17.300,BTCUSD,TRADE,Trade closed,140146447210778,00000000-6678-68cb-0493-972c0004511e,,1.07,AED,PROCESSED,,,,
2026-09-28T12:07:01.270,2026-09-28T16:07:01.270,EURUSD,TRADE,Trade closed,140145549616029,00000000-6677-dee1-0493-972c0004511e,,-10.18,AED,PROCESSED,,,,
2026-09-28T12:06:25.424,2026-09-28T16:06:25.424,GOLD,TRADE,Trade closed,140145511865762,00000000-6677-def1-0493-972c0004511e,,-1.78,AED,PROCESSED,,,,
2026-09-28T12:06:25.230,2026-09-28T16:06:25.230,GOLD,TRADE,Trade closed,140145511865640,00000000-6678-2a92-0493-972c0004511e,,-1.81,AED,PROCESSED,,,,
2026-09-28T12:06:15.243,2026-09-28T16:06:15.243,SILVER,TRADE,Trade closed,140145501379369,00000000-6677-be25-0493-972c0004511e,,-2.2,AED,PROCESSED,,,,
2026-09-28T12:06:14.940,2026-09-28T16:06:14.940,SILVER,TRADE,Trade closed,140145500330761,00000000-6677-fa97-0493-972c0004511e,,-2.1,AED,PROCESSED,,,,
2026-09-28T12:06:03.877,2026-09-28T16:06:03.877,SILVER,TRADE,Trade closed,140145488796068,00000000-6677-e01e-0493-972c0004511e,,-1.31,AED,PROCESSED,,,,
2026-09-28T12:06:01.144,2026-09-28T16:06:01.144,SILVER,TRADE,Trade closed,140145486698819,00000000-6678-266d-0493-972c0004511e,,-1.98,AED,PROCESSED,,,,
2026-09-28T12:05:49.905,2026-09-28T16:05:49.905,GOLD,TRADE,Trade closed,140145474115399,00000000-6678-3c0b-0493-972c0004511e,,-1.83,AED,PROCESSED,,,,
2026-09-28T12:05:29.194,2026-09-28T16:05:29.194,SILVER,TRADE,Trade closed,140145453142461,00000000-6678-3ac0-0493-972c0004511e,,-2.08,AED,PROCESSED,,,,
2026-09-28T12:04:08.111,2026-09-28T16:04:08.111,US100,TRADE,Trade closed,140145368202657,00000000-6677-9f4b-0493-972c0004511e,,-10.14,AED,PROCESSED,,,,
2026-09-28T11:57:02.850,2026-09-28T15:57:02.850,AUDUSD,TRADE,Trade closed,140144921505242,00000000-6677-da96-0493-972c0004511e,,-9.81,AED,PROCESSED,,,,
2026-09-28T11:51:14.782,2026-09-28T15:51:14.782,SILVER,TRADE,Trade closed,140144556598694,00000000-6677-9e95-0493-972c0004511e,,2.39,AED,PROCESSED,,,,
2026-09-28T11:35:25.322,2026-09-28T15:35:25.322,NZDUSD,TRADE,Trade closed,140143561493556,00000000-6677-6478-0493-972c0004511e,,-9.99,AED,PROCESSED,,,,
2026-09-28T11:16:58.002,2026-09-28T15:16:58.002,GOLD,TRADE,Trade closed,140142400711431,00000000-6677-6e45-0493-972c0004511e,,0.82,AED,PROCESSED,,,,
2026-09-28T10:22:03.938,2026-09-28T14:22:03.938,EURUSD,TRADE,Trade closed,140138945628175,00000000-6677-61f7-0493-972c0004511e,,1.78,AED,PROCESSED,,,,
2026-09-28T10:21:57.913,2026-09-28T14:21:57.913,AUDUSD,TRADE,Trade closed,140138939336680,00000000-6677-6380-0493-972c0004511e,,1.02,AED,PROCESSED,,,,
2026-09-28T10:13:25.783,2026-09-28T14:13:25.783,EURUSD,TRADE,Trade closed,140138402462198,00000000-6677-1572-0493-972c0004511e,,2.75,AED,PROCESSED,,,,
2026-09-28T10:13:25.783,2026-09-28T14:13:25.783,EURUSD,TRADE,Trade closed,140138402462199,00000000-6677-424e-0493-972c0004511e,,0.53,AED,PROCESSED,,,,
2026-09-28T10:13:24.856,2026-09-28T14:13:24.856,NZDUSD,TRADE,Trade closed,140138401413617,00000000-6677-3f53-0493-972c0004511e,,6.49,AED,PROCESSED,,,,
2026-09-28T10:13:23.543,2026-09-28T14:13:23.543,AUDUSD,TRADE,Trade closed,140138400365025,00000000-6677-3f24-0493-972c0004511e,,6.18,AED,PROCESSED,,,,
2026-09-28T10:05:06.739,2026-09-28T14:05:06.739,EURUSD,TRADE,Trade closed,140137879217232,00000000-6676-dae2-0493-972c0004511e,,2.0,AED,PROCESSED,,,,
2026-09-28T09:17:25.707,2026-09-28T13:17:25.707,AUDUSD,TRADE,Trade closed,140134879216683,00000000-6676-dc9b-0493-972c0004511e,,0.0,AED,PROCESSED,,,,
2026-09-28T09:10:25.372,2026-09-28T13:10:25.372,NZDUSD,TRADE,Trade closed,140134438811196,00000000-6676-b707-0493-972c0004511e,,0.12,AED,PROCESSED,,,,
2026-09-28T09:05:18.413,2026-09-28T13:05:18.413,AUDUSD,TRADE,Trade closed,140134116894382,00000000-6676-b6ce-0493-972c0004511e,,0.15,AED,PROCESSED,,,,
2026-09-28T09:05:12.069,2026-09-28T13:05:12.069,EURUSD,TRADE,Trade closed,140134110602759,00000000-6676-b55f-0493-972c0004511e,,0.19,AED,PROCESSED,,,,
2026-09-28T09:00:38.181,2026-09-28T13:00:38.181,AUDUSD,TRADE,Trade closed,140133823289216,00000000-6676-90f5-0493-972c0004511e,,0.0,AED,PROCESSED,,,,
2026-09-28T09:00:18.840,2026-09-28T13:00:18.840,NZDUSD,TRADE,Trade closed,140133802317400,00000000-6676-924b-0493-972c0004511e,,0.0,AED,PROCESSED,,,,
2026-09-28T08:57:57.825,2026-09-28T12:57:57.825,EURUSD,TRADE,Trade closed,140133654466827,00000000-6676-8f12-0493-972c0004511e,,0.18,AED,PROCESSED,,,,
2026-09-28T08:47:07.185,2026-09-28T12:47:07.185,AUDUSD,TRADE,Trade closed,140132973017972,00000000-6676-31d6-0493-972c0004511e,,0.07,AED,PROCESSED,,,,
2026-09-28T08:38:02.690,2026-09-28T12:38:02.690,NZDUSD,TRADE,Trade closed,140132401538621,00000000-6676-6f8e-0493-972c0004511e,,0.0,AED,PROCESSED,,,,
2026-09-28T08:35:16.851,2026-09-28T12:35:16.851,EURUSD,TRADE,Trade closed,140132227473037,00000000-6676-6e56-0493-972c0004511e,,0.18,AED,PROCESSED,,,,
2026-09-28T08:20:59.405,2026-09-28T12:20:59.405,NZDUSD,TRADE,Trade closed,140131328828662,00000000-6676-43e9-0493-972c0004511e,,0.0,AED,PROCESSED,,,,
2026-09-28T08:07:39.527,2026-09-28T12:07:39.527,AUDUSD,TRADE,Trade closed,140130489961218,00000000-6676-1967-0493-972c0004511e,,0.93,AED,PROCESSED,,,,
2026-09-28T08:07:29.706,2026-09-28T12:07:29.706,NZDUSD,TRADE,Trade closed,140130479475407,00000000-6676-19f9-0493-972c0004511e,,0.14,AED,PROCESSED,,,,
2026-09-27T22:03:08.838,2026-09-28T02:03:08.838,BTCUSD,TRADE,Trade closed,140092457025391,00000000-6608-34c4-0493-972c0004511e,,-1.93,AED,PROCESSED,,,,
2026-09-27T22:02:27.730,2026-09-28T02:02:27.730,BTCUSD,TRADE,Trade closed,140092414032949,00000000-6608-36b3-0493-972c0004511e,,-1.98,AED,PROCESSED,,,,
2026-09-27T20:46:09.146,2026-09-28T00:46:09.146,BTCUSD,TRADE,Trade closed,140087613681990,00000000-6608-2912-0493-972c0004511e,,0.02,AED,PROCESSED,,,,
2026-09-27T20:32:51.138,2026-09-28T00:32:51.138,BTCUSD,TRADE,Trade closed,140086776917815,00000000-6607-e27d-0493-972c0004511e,,-9.61,AED,PROCESSED,,,,
2026-09-27T19:40:55.471,2026-09-27T23:40:55.471,BTCUSD,TRADE,Trade closed,140083509552851,00000000-6607-f9f7-0493-972c0004511e,,2.7,AED,PROCESSED,,,,
2026-09-27T18:14:23.979,2026-09-27T22:14:23.979,BTCUSD,TRADE,Trade closed,140078066390117,00000000-6607-7537-0493-972c0004511e,,-1.11,AED,PROCESSED,,,,
2026-09-27T18:14:23.979,2026-09-27T22:14:23.979,BTCUSD,TRADE,Trade closed,140078066390115,00000000-6607-7251-0493-972c0004511e,,-3.3,AED,PROCESSED,,,,
2026-09-27T18:14:23.979,2026-09-27T22:14:23.979,BTCUSD,TRADE,Trade closed,140078066390116,00000000-6607-7424-0493-972c0004511e,,-1.14,AED,PROCESSED,,,,
2026-09-27T16:54:13.779,2026-09-27T20:54:13.779,BTCUSD,TRADE,Trade closed,140073021687950,00000000-6607-539d-0493-972c0004511e,,-2.2,AED,PROCESSED,,,,
2026-09-27T16:53:38.700,2026-09-27T20:53:38.700,BTCUSD,TRADE,Trade closed,140072984987778,00000000-6607-539d-0493-972c0004511e,,-4.95,AED,PROCESSED,,,,
2026-09-27T16:53:03.486,2026-09-27T20:53:03.486,BTCUSD,TRADE,Trade closed,140072948287596,00000000-6607-5396-0493-972c0004511e,,-4.69,AED,PROCESSED,,,,
2026-09-27T16:53:03.486,2026-09-27T20:53:03.486,BTCUSD,TRADE,Trade closed,140072948287597,00000000-6607-539d-0493-972c0004511e,,-0.29,AED,PROCESSED,,,,
2026-09-27T16:52:29.478,2026-09-27T20:52:29.478,BTCUSD,TRADE,Trade closed,140072912635996,00000000-6607-299a-0493-972c0004511e,,-1.65,AED,PROCESSED,,,,
2026-09-27T16:52:29.478,2026-09-27T20:52:29.478,BTCUSD,TRADE,Trade closed,140072912635997,00000000-6607-5396-0493-972c0004511e,,-2.84,AED,PROCESSED,,,,
2026-09-27T16:50:55.254,2026-09-27T20:50:55.254,BTCUSD,TRADE,Trade closed,140072814069807,00000000-6607-299a-0493-972c0004511e,,-4.16,AED,PROCESSED,,,,
2026-09-27T16:50:18.299,2026-09-27T20:50:18.299,BTCUSD,TRADE,Trade closed,140072775272448,00000000-6607-298f-0493-972c0004511e,,-4.09,AED,PROCESSED,,,,
2026-09-27T16:49:41.351,2026-09-27T20:49:41.351,BTCUSD,TRADE,Trade closed,140072736475116,00000000-6607-298f-0493-972c0004511e,,-1.82,AED,PROCESSED,,,,
2026-09-27T16:49:41.351,2026-09-27T20:49:41.351,BTCUSD,TRADE,Trade closed,140072736475115,00000000-6607-2986-0493-972c0004511e,,-2.05,AED,PROCESSED,,,,
2026-09-27T16:49:04.225,2026-09-27T20:49:04.225,BTCUSD,TRADE,Trade closed,140072697677790,00000000-6607-1e30-0493-972c0004511e,,-0.34,AED,PROCESSED,,,,
2026-09-27T16:49:04.225,2026-09-27T20:49:04.225,BTCUSD,TRADE,Trade closed,140072697677791,00000000-6607-2986-0493-972c0004511e,,-3.72,AED,PROCESSED,,,,
2026-09-27T16:48:29.721,2026-09-27T20:48:29.721,BTCUSD,TRADE,Trade closed,140072660977616,00000000-6607-1e30-0493-972c0004511e,,-5.56,AED,PROCESSED,,,,
2026-09-27T16:47:52.797,2026-09-27T20:47:52.797,BTCUSD,TRADE,Trade closed,140072622180287,00000000-6607-1e10-0493-972c0004511e,,-3.06,AED,PROCESSED,,,,
2026-09-27T16:47:52.797,2026-09-27T20:47:52.797,BTCUSD,TRADE,Trade closed,140072622180288,00000000-6607-1e30-0493-972c0004511e,,-2.31,AED,PROCESSED,,,,
2026-09-27T16:47:15.868,2026-09-27T20:47:15.868,BTCUSD,TRADE,Trade closed,140072583382953,00000000-6607-0df8-0493-972c0004511e,,-0.62,AED,PROCESSED,,,,
2026-09-27T16:47:15.868,2026-09-27T20:47:15.868,BTCUSD,TRADE,Trade closed,140072583382954,00000000-6607-1e10-0493-972c0004511e,,-4.58,AED,PROCESSED,,,,
2026-09-27T16:46:39.795,2026-09-27T20:46:39.795,BTCUSD,TRADE,Trade closed,140072545634177,00000000-6607-0df8-0493-972c0004511e,,-6.27,AED,PROCESSED,,,,
2026-09-27T14:34:23.095,2026-09-27T18:34:23.095,BTCUSD,TRADE,Trade closed,140064224127551,00000000-6606-9607-0493-972c0004511e,,6.08,AED,PROCESSED,,,,
2026-09-27T13:00:09.357,2026-09-27T17:00:09.357,BTCUSD,TRADE,Trade closed,140058295471284,00000000-6606-5462-0493-972c0004511e,,5.31,AED,PROCESSED,,,,
2026-09-27T08:52:58.856,2026-09-27T12:52:58.856,EURUSD_W,TRADE,Trade closed,140042744030798,00000000-6605-dc79-0493-972c0004511e,,-10.26,AED,PROCESSED,,,,
2026-09-27T08:38:25.014,2026-09-27T12:38:25.014,EURUSD_W,TRADE,Trade closed,140041828623419,00000000-6605-cbe0-0493-972c0004511e,,-10.58,AED,PROCESSED,,,,
2026-09-27T07:48:27.196,2026-09-27T11:48:27.196,EURUSD_W,TRADE,Trade closed,140038684989094,00000000-6605-a3f7-0493-972c0004511e,,-10.73,AED,PROCESSED,,,,
2026-09-27T06:57:01.020,2026-09-27T10:57:01.020,EURUSD_W,TRADE,Trade closed,140035449081440,00000000-6605-8180-0493-972c0004511e,,-13.01,AED,PROCESSED,,,,
2026-09-27T06:17:08.463,2026-09-27T10:17:08.463,EURUSD_W,TRADE,Trade closed,140032939838028,00000000-6605-4408-0493-972c0004511e,,-9.62,AED,PROCESSED,,,,
2026-09-27T05:31:50.069,2026-09-27T09:31:50.069,EURUSD_W,TRADE,Trade closed,140030089806418,00000000-6605-34de-0493-972c0004511e,,-10.74,AED,PROCESSED,,,,
2026-09-27T05:08:41.858,2026-09-27T09:08:41.858,EURUSD_W,TRADE,Trade closed,140028633333797,00000000-6604-fc11-0493-972c0004511e,,-5.64,AED,PROCESSED,,,,
2026-09-27T03:30:48.266,2026-09-27T07:30:48.266,EURUSD_W,TRADE,Trade closed,140022475043260,00000000-6604-a6b8-0493-972c0004511e,,-0.67,AED,PROCESSED,,,,
2026-09-27T03:30:47.565,2026-09-27T07:30:47.565,EURUSD_W,TRADE,Trade closed,140022473994683,00000000-6604-35ec-0493-972c0004511e,,-0.69,AED,PROCESSED,,,,
2026-09-27T03:30:47.275,2026-09-27T07:30:47.275,EURUSD_W,TRADE,Trade closed,140022473994682,00000000-6603-f206-0493-972c0004511e,,-4.54,AED,PROCESSED,,,,
2026-09-25T20:42:20.277,2026-09-26T00:42:20.277,OIL_CRUDE,TRADE,Trade closed,139906179596824,00000000-65fe-58fa-0493-972c0004511e,,-2.45,AED,PROCESSED,,,,
2026-09-25T20:42:20.173,2026-09-26T00:42:20.173,US100,TRADE,Trade closed,139906179596823,00000000-65fe-4422-0493-972c0004511e,,-0.08,AED,PROCESSED,,,,
2026-09-25T20:42:20.173,2026-09-26T00:42:20.173,US100,TRADE,Trade closed,139906179596822,00000000-65fe-43cf-0493-972c0004511e,,-0.12,AED,PROCESSED,,,,
2026-09-25T20:42:20.173,2026-09-26T00:42:20.173,US100,TRADE,Trade closed,139906179596821,00000000-65fe-4369-0493-972c0004511e,,-0.05,AED,PROCESSED,,,,
2026-09-25T20:42:20.173,2026-09-26T00:42:20.173,US100,TRADE,Trade closed,139906179596820,00000000-65fe-4238-0493-972c0004511e,,-0.06,AED,PROCESSED,,,,
2026-09-25T20:42:20.173,2026-09-26T00:42:20.173,US100,TRADE,Trade closed,139906179596819,00000000-65fe-4164-0493-972c0004511e,,-0.07,AED,PROCESSED,,,,
2026-09-25T20:42:20.173,2026-09-26T00:42:20.173,US100,TRADE,Trade closed,139906179596818,00000000-65fe-408b-0493-972c0004511e,,-0.02,AED,PROCESSED,,,,
2026-09-25T20:42:20.173,2026-09-26T00:42:20.173,US100,TRADE,Trade closed,139906179596817,00000000-65fe-3d73-0493-972c0004511e,,-0.05,AED,PROCESSED,,,,
2026-09-25T20:42:20.173,2026-09-26T00:42:20.173,US100,TRADE,Trade closed,139906179596816,00000000-65fe-3c3a-0493-972c0004511e,,-0.14,AED,PROCESSED,,,,
2026-09-25T20:42:20.173,2026-09-26T00:42:20.173,US100,TRADE,Trade closed,139906179596814,00000000-65fe-3902-0493-972c0004511e,,-0.02,AED,PROCESSED,,,,
2026-09-25T20:42:20.173,2026-09-26T00:42:20.173,US100,TRADE,Trade closed,139906179596815,00000000-65fe-3aed-0493-972c0004511e,,-0.08,AED,PROCESSED,,,,
2026-09-25T20:42:20.012,2026-09-26T00:42:20.012,US500,TRADE,Trade closed,139906179596808,00000000-65fd-c53d-0493-972c0004511e,,-0.21,AED,PROCESSED,,,,
2026-09-25T20:42:20.012,2026-09-26T00:42:20.012,US500,TRADE,Trade closed,139906179596813,00000000-65fe-b5af-0493-972c0004511e,,-0.13,AED,PROCESSED,,,,
2026-09-25T20:42:20.012,2026-09-26T00:42:20.012,US500,TRADE,Trade closed,139906179596812,00000000-65fe-a825-0493-972c0004511e,,-0.17,AED,PROCESSED,,,,
2026-09-25T20:42:20.012,2026-09-26T00:42:20.012,US500,TRADE,Trade closed,139906179596811,00000000-65fe-a3f4-0493-972c0004511e,,-0.15,AED,PROCESSED,,,,
2026-09-25T20:42:20.012,2026-09-26T00:42:20.012,US500,TRADE,Trade closed,139906179596810,00000000-65fd-e3c2-0493-972c0004511e,,-0.26,AED,PROCESSED,,,,
2026-09-25T20:42:20.012,2026-09-26T00:42:20.012,US500,TRADE,Trade closed,139906179596809,00000000-65fd-e2ae-0493-972c0004511e,,-0.24,AED,PROCESSED,,,,
2026-09-25T19:00:33.062,2026-09-25T23:00:33.062,US100,TRADE,Trade closed,139899776003977,00000000-65fe-76f3-0493-972c0004511e,,-3.53,AED,PROCESSED,,,,
2026-09-25T19:00:15.679,2026-09-25T23:00:15.679,US100,TRADE,Trade closed,139899757129502,00000000-65fe-76c9-0493-972c0004511e,,-15.46,AED,PROCESSED,,,,
2026-09-25T18:59:58.118,2026-09-25T22:59:58.118,US100,TRADE,Trade closed,139899739303579,00000000-65fe-7639-0493-972c0004511e,,-19.88,AED,PROCESSED,,,,
2026-09-25T18:36:02.039,2026-09-25T22:36:02.039,US100,TRADE,Trade closed,139898233539423,00000000-65fe-61bc-0493-972c0004511e,,-8.83,AED,PROCESSED,,,,
2026-09-25T18:26:12.903,2026-09-25T22:26:12.903,US100,TRADE,Trade closed,139897614873461,00000000-65fe-58dd-0493-972c0004511e,,-18.55,AED,PROCESSED,,,,
2026-09-25T17:54:32.851,2026-09-25T21:54:32.851,US100,TRADE,Trade closed,139895622568041,00000000-65fe-34fa-0493-972c0004511e,,-2.3,AED,PROCESSED,,,,
2026-09-25T17:50:31.817,2026-09-25T21:50:31.817,US100,TRADE,Trade closed,139895369860208,00000000-65fe-3bc5-0493-972c0004511e,,-6.18,AED,PROCESSED,,,,
2026-09-25T17:36:58.929,2026-09-25T21:36:58.929,OIL_CRUDE,TRADE,Trade closed,139894517361256,00000000-65fd-fb0f-0493-972c0004511e,,-7.75,AED,PROCESSED,,,,
2026-09-25T16:23:45.051,2026-09-25T20:23:45.051,US500,TRADE,Trade closed,139889910926400,00000000-65fd-bf10-0493-972c0004511e,,-10.22,AED,PROCESSED,,,,
2026-09-25T14:46:36.582,2026-09-25T18:46:36.582,SILVER,TRADE,Trade closed,139883798815283,00000000-65fc-84f0-0493-972c0004511e,,-17.42,AED,PROCESSED,,,,
2026-09-25T14:38:29.998,2026-09-25T18:38:29.998,SILVER,TRADE,Trade closed,139883289199755,00000000-65fc-8e47-0493-972c0004511e,,-17.31,AED,PROCESSED,,,,
2026-09-25T14:23:34.881,2026-09-25T18:23:34.881,SILVER,TRADE,Trade closed,139882349662636,00000000-65fc-979c-0493-972c0004511e,,-5.21,AED,PROCESSED,,,,
2026-09-25T08:46:54.382,2026-09-25T12:46:54.382,OIL_CRUDE,TRADE,Trade closed,139861168455820,00000000-659b-91d3-0493-972c0004511e,,10.22,AED,PROCESSED,,,,
2026-09-25T08:46:54.382,2026-09-25T12:46:54.382,OIL_CRUDE,TRADE,Trade closed,139861168455819,00000000-659b-8fd1-0493-972c0004511e,,9.83,AED,PROCESSED,,,,
2026-09-25T08:46:54.382,2026-09-25T12:46:54.382,OIL_CRUDE,TRADE,Trade closed,139861168455826,00000000-659b-9a62-0493-972c0004511e,,9.69,AED,PROCESSED,,,,
2026-09-25T08:46:54.382,2026-09-25T12:46:54.382,OIL_CRUDE,TRADE,Trade closed,139861168455825,00000000-659b-9954-0493-972c0004511e,,9.48,AED,PROCESSED,,,,
2026-09-25T08:46:54.382,2026-09-25T12:46:54.382,OIL_CRUDE,TRADE,Trade closed,139861168455823,00000000-659b-97ec-0493-972c0004511e,,11.59,AED,PROCESSED,,,,
2026-09-25T08:46:54.382,2026-09-25T12:46:54.382,OIL_CRUDE,TRADE,Trade closed,139861168455822,00000000-659b-950b-0493-972c0004511e,,8.23,AED,PROCESSED,,,,
2026-09-25T08:46:54.382,2026-09-25T12:46:54.382,OIL_CRUDE,TRADE,Trade closed,139861168455821,00000000-659b-9314-0493-972c0004511e,,9.62,AED,PROCESSED,,,,
2026-09-25T08:28:56.121,2026-09-25T12:28:56.121,US100,TRADE,Trade closed,139860038076608,00000000-659b-9f79-0493-972c0004511e,,24.45,AED,PROCESSED,,,,
2026-09-25T08:28:52.796,2026-09-25T12:28:52.796,US100,TRADE,Trade closed,139860033882175,00000000-659b-bbdd-0493-972c0004511e,,29.88,AED,PROCESSED,,,,
2026-09-25T08:28:03.054,2026-09-25T12:28:03.054,US100,TRADE,Trade closed,139859982501325,00000000-659b-a3ed-0493-972c0004511e,,26.86,AED,PROCESSED,,,,
2026-09-25T08:28:01.513,2026-09-25T12:28:01.513,US100,TRADE,Trade closed,139859980404100,00000000-659b-a540-0493-972c0004511e,,28.96,AED,PROCESSED,,,,
2026-09-25T08:27:50.125,2026-09-25T12:27:50.125,US100,TRADE,Trade closed,139859968869650,00000000-659b-ba36-0493-972c0004511e,,26.39,AED,PROCESSED,,,,
2026-09-25T08:27:50.125,2026-09-25T12:27:50.125,US100,TRADE,Trade closed,139859968869649,00000000-659b-b902-0493-972c0004511e,,27.16,AED,PROCESSED,,,,
2026-09-25T08:24:55.979,2026-09-25T12:24:55.979,US100,TRADE,Trade closed,139859785367612,00000000-659b-aea0-0493-972c0004511e,,26.95,AED,PROCESSED,,,,
2026-09-25T08:24:55.979,2026-09-25T12:24:55.979,US100,TRADE,Trade closed,139859785367606,00000000-659b-a6aa-0493-972c0004511e,,25.23,AED,PROCESSED,,,,
2026-09-25T07:54:39.217,2026-09-25T11:54:39.217,OIL_CRUDE,TRADE,Trade closed,139857881139358,00000000-659b-9b50-0493-972c0004511e,,-12.23,AED,PROCESSED,,,,
2026-09-25T07:52:34.976,2026-09-25T11:52:34.976,OIL_CRUDE,TRADE,Trade closed,139857750066659,00000000-659b-9ca4-0493-972c0004511e,,-12.54,AED,PROCESSED,,,,
2026-09-25T07:26:33.746,2026-09-25T11:26:33.746,OIL_CRUDE,TRADE,Trade closed,139856113230117,00000000-659b-9f26-0493-972c0004511e,,-13.28,AED,PROCESSED,,,,
2026-09-25T07:19:49.815,2026-09-25T11:19:49.815,OIL_CRUDE,TRADE,Trade closed,139855689602996,00000000-659b-ae1a-0493-972c0004511e,,-12.8,AED,PROCESSED,,,,
2026-09-25T07:19:49.317,2026-09-25T11:19:49.317,OIL_CRUDE,TRADE,Trade closed,139855689602979,00000000-659b-b70f-0493-972c0004511e,,-15.12,AED,PROCESSED,,,,
2026-09-25T06:17:25.785,2026-09-25T10:17:25.785,US100,TRADE,Trade closed,139851763712961,00000000-659b-9cd7-0493-972c0004511e,,23.37,AED,PROCESSED,,,,
2026-09-25T06:11:55.113,2026-09-25T10:11:55.113,US100,TRADE,Trade closed,139851417679395,00000000-659b-9b92-0493-972c0004511e,,22.98,AED,PROCESSED,,,,
2026-09-25T06:11:29.652,2026-09-25T10:11:29.652,US100,TRADE,Trade closed,139851390416138,00000000-659b-9992-0493-972c0004511e,,22.32,AED,PROCESSED,,,,
2026-09-25T06:10:21.205,2026-09-25T10:10:21.205,US100,TRADE,Trade closed,139851319112282,00000000-659b-9ab6-0493-972c0004511e,,23.84,AED,PROCESSED,,,,
2026-09-25T06:10:20.571,2026-09-25T10:10:20.571,US100,TRADE,Trade closed,139851318063689,00000000-659b-9814-0493-972c0004511e,,22.75,AED,PROCESSED,,,,
2026-09-25T05:47:06.256,2026-09-25T09:47:06.256,OIL_CRUDE,TRADE,Trade closed,139849856341835,00000000-659b-8da6-0493-972c0004511e,,18.43,AED,PROCESSED,,,,
2026-09-25T05:46:40.670,2026-09-25T09:46:40.670,OIL_CRUDE,TRADE,Trade closed,139849829078656,00000000-659b-73a1-0493-972c0004511e,,18.09,AED,PROCESSED,,,,
2026-09-25T05:45:09.580,2026-09-25T09:45:09.580,OIL_CRUDE,TRADE,Trade closed,139849733657547,00000000-659b-6f7c-0493-972c0004511e,,18.01,AED,PROCESSED,,,,
2026-09-25T05:45:09.580,2026-09-25T09:45:09.580,OIL_CRUDE,TRADE,Trade closed,139849733657549,00000000-659b-6ffd-0493-972c0004511e,,18.42,AED,PROCESSED,,,,
2026-09-25T05:45:09.580,2026-09-25T09:45:09.580,OIL_CRUDE,TRADE,Trade closed,139849733657545,00000000-659b-6797-0493-972c0004511e,,18.0,AED,PROCESSED,,,,
2026-09-25T05:45:07.491,2026-09-25T09:45:07.491,OIL_CRUDE,TRADE,Trade closed,139849731560328,00000000-659b-71de-0493-972c0004511e,,17.45,AED,PROCESSED,,,,
2026-09-25T05:45:07.491,2026-09-25T09:45:07.491,OIL_CRUDE,TRADE,Trade closed,139849731560327,00000000-659b-66be-0493-972c0004511e,,17.45,AED,PROCESSED,,,,
2026-09-25T05:44:54.635,2026-09-25T09:44:54.635,OIL_CRUDE,TRADE,Trade closed,139849717928632,00000000-659b-7c8a-0493-972c0004511e,,17.65,AED,PROCESSED,,,,
2026-09-25T05:44:54.593,2026-09-25T09:44:54.593,OIL_CRUDE,TRADE,Trade closed,139849717928628,00000000-659b-7ed7-0493-972c0004511e,,17.48,AED,PROCESSED,,,,
2026-09-25T05:44:48.118,2026-09-25T09:44:48.118,OIL_CRUDE,TRADE,Trade closed,139849711637055,00000000-659b-662e-0493-972c0004511e,,18.16,AED,PROCESSED,,,,
2026-09-25T05:44:48.118,2026-09-25T09:44:48.118,OIL_CRUDE,TRADE,Trade closed,139849711637057,00000000-659b-7b0b-0493-972c0004511e,,17.27,AED,PROCESSED,,,,
2026-09-25T05:44:48.118,2026-09-25T09:44:48.118,OIL_CRUDE,TRADE,Trade closed,139849711637058,00000000-659b-7dd3-0493-972c0004511e,,17.52,AED,PROCESSED,,,,
2026-09-25T05:44:18.957,2026-09-25T09:44:18.957,OIL_CRUDE,TRADE,Trade closed,139849680179564,00000000-659b-79de-0493-972c0004511e,,17.35,AED,PROCESSED,,,,
2026-09-25T05:44:18.921,2026-09-25T09:44:18.921,OIL_CRUDE,TRADE,Trade closed,139849680179560,00000000-659b-5053-0493-972c0004511e,,16.87,AED,PROCESSED,,,,
2026-09-25T05:44:18.848,2026-09-25T09:44:18.848,OIL_CRUDE,TRADE,Trade closed,139849680179543,00000000-659b-6820-0493-972c0004511e,,17.35,AED,PROCESSED,,,,
2026-09-25T05:32:27.472,2026-09-25T09:32:27.472,OIL_CRUDE,TRADE,Trade closed,139848934635742,00000000-659b-7522-0493-972c0004511e,,16.69,AED,PROCESSED,,,,
2026-09-25T05:32:25.675,2026-09-25T09:32:25.675,OIL_CRUDE,TRADE,Trade closed,139848932538464,00000000-659b-6030-0493-972c0004511e,,16.49,AED,PROCESSED,,,,
2026-09-25T05:32:25.675,2026-09-25T09:32:25.675,OIL_CRUDE,TRADE,Trade closed,139848932538462,00000000-659b-5f92-0493-972c0004511e,,17.24,AED,PROCESSED,,,,
2026-09-25T05:32:25.457,2026-09-25T09:32:25.457,OIL_CRUDE,TRADE,Trade closed,139848932538430,00000000-659b-5ead-0493-972c0004511e,,17.09,AED,PROCESSED,,,,
2026-09-25T05:32:25.413,2026-09-25T09:32:25.413,OIL_CRUDE,TRADE,Trade closed,139848932538424,00000000-659b-4d39-0493-972c0004511e,,17.54,AED,PROCESSED,,,,
2026-09-25T05:32:25.378,2026-09-25T09:32:25.378,OIL_CRUDE,TRADE,Trade closed,139848932538421,00000000-659b-5de7-0493-972c0004511e,,17.16,AED,PROCESSED,,,,
2026-09-25T05:32:20.590,2026-09-25T09:32:20.590,OIL_CRUDE,TRADE,Trade closed,139848927295438,00000000-659b-5ce3-0493-972c0004511e,,17.01,AED,PROCESSED,,,,
2026-09-25T05:32:20.590,2026-09-25T09:32:20.590,OIL_CRUDE,TRADE,Trade closed,139848927295439,00000000-659b-6aa1-0493-972c0004511e,,17.37,AED,PROCESSED,,,,
2026-09-25T05:32:20.590,2026-09-25T09:32:20.590,OIL_CRUDE,TRADE,Trade closed,139848927295437,00000000-659b-4ec7-0493-972c0004511e,,16.9,AED,PROCESSED,,,,
2026-09-25T05:09:28.405,2026-09-25T09:09:28.405,SILVER,TRADE,Trade closed,139847488641120,00000000-659b-8d70-0493-972c0004511e,,19.03,AED,PROCESSED,,,,
2026-09-25T05:00:02.087,2026-09-25T09:00:02.087,SILVER,TRADE,Trade closed,139846895271859,00000000-659b-94ed-0493-972c0004511e,,21.32,AED,PROCESSED,,,,
2026-09-25T05:00:01.214,2026-09-25T09:00:01.214,SILVER,TRADE,Trade closed,139846894223203,00000000-659b-8f29-0493-972c0004511e,,20.79,AED,PROCESSED,,,,
2026-09-25T05:00:01.214,2026-09-25T09:00:01.214,SILVER,TRADE,Trade closed,139846894223205,00000000-659b-92e5-0493-972c0004511e,,20.02,AED,PROCESSED,,,,
2026-09-25T05:00:00.177,2026-09-25T09:00:00.177,SILVER,TRADE,Trade closed,139846893174520,00000000-659b-91bd-0493-972c0004511e,,20.22,AED,PROCESSED,,,,
2026-09-25T03:05:48.802,2026-09-25T07:05:48.802,OIL_CRUDE,TRADE,Trade closed,139839708309483,00000000-659b-4b45-0493-972c0004511e,,16.6,AED,PROCESSED,,,,
